,data,accuracy,f1_score,AUC_ROC,AUC_PR,precision_score,recall_score,Balanced_acc,treshold,EarlyStopping
CN,Test,0.7055393586005831,0.7443037974683544,0.7303921568627452,0.34679338087064815,0.6074380165289256,0.9607843137254902,0.7303921568627452,0.6498904824256897,500.0
AD,Test,0.8367346938775511,0.6,0.8606598619896493,0.542877352921755,0.45161290322580644,0.8936170212765957,0.8606598619896493,0.02626766264438629,500.0
PD,Test,0.07871720116618076,0.1366120218579235,0.4839238049017229,0.464327764072662,0.07352941176470588,0.9615384615384616,0.4839238049017229,0.015617991797626019,500.0
LMCI,Test,0.7842565597667639,0.7279411764705882,0.7788059916462624,0.3936494572770522,0.7021276595744681,0.7557251908396947,0.7788059916462624,0.8545907139778137,500.0
EMCI,Test,0.7346938775510204,0.7436619718309859,0.7376345551165009,0.3165018821436669,0.6910994764397905,0.8048780487804879,0.4980048159614723,0.3526707589626312,500.0
MCI,Test,0.7317784256559767,0.7430167597765364,0.7350967434255349,0.31532670361869386,0.6855670103092784,0.8109756097560976,0.7350967434255349,0.12568961083889008,500.0
FTD,Test,0.8134110787172012,0.36,0.8540247678018575,0.5071064139941691,0.225,0.9,0.8540247678018575,0.03700970113277435,500.0
CN_EX,,0.5510204081632653,0.01282051282051282,0.4980048159614723,,0.3333333333333333,0.006535947712418301,,,
