,data,accuracy,f1_score,AUC_ROC,AUC_PR,precision_score,recall_score,Balanced_acc,treshold,EarlyStopping
CN,Validation,0.7026239067055393,0.745,0.7271524771524772,0.344920800122393,0.6056910569105691,0.9675324675324676,0.7271524771524771,0.6498904824256897,500.0
AD,Validation,0.8279883381924198,0.5755395683453237,0.8455570194700629,0.5244719406496319,0.43010752688172044,0.8695652173913043,0.845557019470063,0.02626766264438629,500.0
PD,Validation,0.0728862973760933,0.1358695652173913,0.4807692307692308,0.46474949146807365,0.07309941520467836,0.9615384615384616,0.4807692307692308,0.015617991797626019,500.0
LMCI,Validation,0.8250728862973761,0.7727272727272727,0.8171903214156735,0.4347122874079925,0.7611940298507462,0.7846153846153846,0.8171903214156735,0.8545907139778137,500.0
EMCI,Validation,0.793002915451895,0.7880597014925373,0.7937968643490115,0.3585997511737304,0.7674418604651163,0.8098159509202454,0.49736842105263157,0.3526707589626312,500.0
MCI,Validation,0.793002915451895,0.7867867867867868,0.7935071574642127,0.3585631798731763,0.7705882352941177,0.803680981595092,0.7935071574642127,0.12568961083889008,500.0
FTD,Validation,0.8425655976676385,0.4,0.8695046439628482,0.5231778425655976,0.2571428571428571,0.9,0.8695046439628483,0.03700970113277435,500.0
CN_EX,,0.5510204081632653,0.0,0.49736842105263157,,0.0,0.0,,,
