,data,accuracy,f1_score,AUC_ROC,AUC_PR,precision_score,recall_score,Balanced_acc,treshold,EarlyStopping
CN,Test,0.717201166180758,0.739946380697051,0.7351909184726522,0.3404185050643634,0.6272727272727273,0.9019607843137255,0.7351909184726522,0.6329970359802246,500.0
AD,Test,0.892128279883382,0.6542056074766355,0.8301106958021852,0.5444735645017886,0.5833333333333334,0.7446808510638298,0.8301106958021851,0.2918744385242462,500.0
PD,Test,0.8425655976676385,0.41304347826086957,0.7912521232710508,0.4437263416855254,0.2878787878787879,0.7307692307692307,0.7912521232710508,0.039184942841529846,500.0
LMCI,Test,0.7755102040816326,0.7458745874587459,0.7921467665274378,0.40410095082135206,0.6569767441860465,0.8625954198473282,0.7921467665274378,0.3106430470943451,500.0
EMCI,Test,0.760932944606414,0.7515151515151515,0.7607303447336149,0.331717683505122,0.7469879518072289,0.7560975609756098,0.6624183006535947,0.5243224501609802,500.0
MCI,Test,0.7667638483965015,0.7660818713450293,0.7681053277013218,0.33733861747337623,0.7359550561797753,0.7987804878048781,0.7681053277013217,0.34651434421539307,500.0
FTD,Test,0.7784256559766763,0.3333333333333333,0.8589009287925695,0.5192125178338812,0.20212765957446807,0.95,0.8589009287925696,0.021863598376512527,500.0
CN_EX,,0.6880466472303207,0.5485232067510548,0.6624183006535949,0.28153880599858994,0.7738095238095238,0.42483660130718953,,,
