,data,accuracy,f1_score,AUC_ROC,AUC_PR,precision_score,recall_score,Balanced_acc,treshold,EarlyStopping
CN,Validation,0.7084548104956269,0.7395833333333334,0.7282347282347282,0.33824773274640174,0.6173913043478261,0.922077922077922,0.7282347282347282,0.5593938231468201,500.0
AD,Validation,0.8542274052478134,0.6031746031746031,0.8423364075537988,0.5280944986690328,0.475,0.8260869565217391,0.8423364075537989,0.07237715274095535,500.0
PD,Validation,0.5072886297376094,0.228310502283105,0.7157850036398933,0.47119204682385396,0.12953367875647667,0.9615384615384616,0.7157850036398933,0.010585849173367023,500.0
LMCI,Validation,0.8104956268221575,0.7735191637630662,0.8189418562658,0.429114308283683,0.7070063694267515,0.8538461538461538,0.8189418562658,0.45697295665740967,500.0
EMCI,Validation,0.7638483965014577,0.7885117493472585,0.7715235173824131,0.3486460547090321,0.6863636363636364,0.9263803680981595,0.5064499484004128,0.4710402488708496,500.0
MCI,Validation,0.7813411078717201,0.7967479674796748,0.7870313565098842,0.355821318171849,0.7135922330097088,0.901840490797546,0.7870313565098841,0.3067183792591095,500.0
FTD,Validation,0.7988338192419825,0.3300970873786408,0.8228328173374613,0.4734737784959078,0.20481927710843373,0.85,0.8228328173374613,0.028485698625445366,500.0
CN_EX,,0.5568513119533528,0.07317073170731707,0.5064499484004128,0.06055669020855093,0.5454545454545454,0.0392156862745098,,,
