,data,accuracy,f1_score,AUC_ROC,AUC_PR,precision_score,recall_score,Balanced_acc,Gender
CN,Test,0.7650602409638554,0.7607361963190185,0.7659404502541758,0.31937069545148916,0.7948717948717948,0.7294117647058823,0.7659404502541758,['F']
AD,Test,0.8795180722891566,0.6296296296296297,0.8342803030303031,0.534518756845564,0.53125,0.7727272727272727,0.834280303030303,['F']
PD,Test,0.9457831325301205,0.0,0.5,0.47289156626506024,0.0,0.0,0.5,['F']
LMCI,Test,0.8855421686746988,0.831858407079646,0.8709962980846612,0.5186705468490503,0.8392857142857143,0.8245614035087719,0.8709962980846613,['F']
EMCI,Test,0.8132530120481928,0.7862068965517242,0.8107269503546098,0.39769007536997303,0.7808219178082192,0.7916666666666666,0.788888888888889,['F']
MCI,Test,0.8674698795180723,0.8450704225352113,0.8634751773049646,0.4476477337923121,0.8571428571428571,0.8333333333333334,0.8634751773049645,['F']
FTD,Test,0.9457831325301205,0.5263157894736842,0.7618542108987969,0.4856091030789826,0.5,0.5555555555555556,0.7618542108987969,['F']
CN_EX,,0.7891566265060241,0.7953216374269005,0.788888888888889,0.3345054637153264,0.7906976744186046,0.8,,
