,data,accuracy,f1_score,AUC_ROC,AUC_PR,precision_score,recall_score,Balanced_acc,treshold,EarlyStopping
CN,Validation,0.7201166180758017,0.746031746031746,0.7382154882154883,0.34249519613040025,0.6294642857142857,0.9155844155844156,0.7382154882154882,0.4837520122528076,500.0
AD,Validation,0.7784256559766763,0.5128205128205128,0.8169374908505342,0.4912363590269535,0.36363636363636365,0.8695652173913043,0.8169374908505342,0.2983028292655945,500.0
PD,Validation,0.5131195335276968,0.22325581395348837,0.7012860956078621,0.45214422765443174,0.12698412698412698,0.9230769230769231,0.7012860956078621,0.07988640666007996,500.0
LMCI,Validation,0.8046647230320699,0.7615658362989324,0.8082520765619358,0.4203620477373687,0.7086092715231788,0.823076923076923,0.8082520765619357,0.5191829800605774,500.0
EMCI,Validation,0.5247813411078717,0.0,0.5,0.26239067055393583,0.0,0.0,0.48802889576883385,0.5178301930427551,500.0
MCI,Validation,0.7900874635568513,0.7763975155279503,0.7889911383776415,0.35669227094207784,0.7861635220125787,0.7668711656441718,0.7889911383776415,0.6689369678497314,500.0
FTD,Validation,0.9329446064139941,0.5490196078431373,0.8236842105263158,0.5262437693971598,0.45161290322580644,0.7,0.8236842105263158,0.16702614724636078,500.0
CN_EX,,0.5364431486880467,0.07017543859649122,0.4880288957688339,,0.3333333333333333,0.0392156862745098,,,
