,data,accuracy,f1_score,AUC_ROC,AUC_PR,precision_score,recall_score,Balanced_acc,treshold,EarlyStopping
CN,Test,0.6997084548104956,0.7310704960835509,0.7206742346061231,0.3347504633323308,0.6086956521739131,0.9150326797385621,0.7206742346061231,0.4837520122528076,500.0
AD,Test,0.8104956268221575,0.5578231292517006,0.8365080506037953,0.5128903293840332,0.41,0.8723404255319149,0.8365080506037953,0.2983028292655945,500.0
PD,Test,0.49271137026239065,0.22321428571428573,0.7078985683086629,0.46955652057692876,0.12626262626262627,0.9615384615384616,0.7078985683086629,0.07988640666007996,500.0
LMCI,Test,0.7871720116618076,0.7402135231316725,0.7884559988477602,0.40104763388452436,0.6933333333333334,0.7938931297709924,0.7884559988477604,0.5191829800605774,500.0
EMCI,Test,0.521865889212828,0.0,0.5,0.26093294460641403,0.0,0.0,0.5404884760921912,0.5178301930427551,500.0
MCI,Test,0.7813411078717201,0.7692307692307693,0.7805389017577327,0.34801351990576573,0.7763975155279503,0.7621951219512195,0.7805389017577327,0.6689369678497314,500.0
FTD,Test,0.9358600583090378,0.5416666666666666,0.8017801857585138,0.5090379008746355,0.4642857142857143,0.65,0.801780185758514,0.16702614724636078,500.0
CN_EX,,0.5889212827988338,0.16568047337278108,0.5404884760921912,0.23981140075077648,0.875,0.0915032679738562,,,
