,data,accuracy,f1_score,AUC_ROC,AUC_PR,precision_score,recall_score,Balanced_acc,treshold,EarlyStopping
CN,Test,0.717201166180758,0.7356948228882834,0.73328173374613,0.33677195844960145,0.6308411214953271,0.8823529411764706,0.73328173374613,0.6732019782066345,500.0
AD,Test,0.8513119533527697,0.6165413533834586,0.860156699252444,0.5462624224072891,0.47674418604651164,0.8723404255319149,0.860156699252444,0.14717885851860046,500.0
PD,Test,0.8309037900874635,0.3695652173913043,0.74963601067702,0.3930287399675155,0.25757575757575757,0.6538461538461539,0.7496360106770201,0.04809155315160751,500.0
LMCI,Test,0.7871720116618076,0.752542372881356,0.7986641221374046,0.4093090769834545,0.676829268292683,0.8473282442748091,0.7986641221374046,0.4597856104373932,500.0
EMCI,Test,0.7434402332361516,0.7485714285714286,0.7457589589862379,0.32151162701789726,0.7043010752688172,0.7987804878048781,0.6446336429308566,0.5027459263801575,500.0
MCI,Test,0.749271137026239,0.7455621301775148,0.7500681291729119,0.3234747821993149,0.7241379310344828,0.7682926829268293,0.7500681291729119,0.42585545778274536,500.0
FTD,Test,0.8600583090379009,0.4146341463414634,0.8553405572755418,0.5081609141352393,0.27419354838709675,0.85,0.8553405572755417,0.030399424955248833,500.0
CN_EX,,0.6676384839650146,0.5365853658536586,0.6446336429308566,0.25128300167993467,0.7096774193548387,0.43137254901960786,,,
