,data,accuracy,f1_score,AUC_ROC,AUC_PR,precision_score,recall_score,Balanced_acc,treshold,EarlyStopping
CN,Test,0.673469387755102,0.5254237288135594,0.6473512211902304,0.26269727627138056,0.7469879518072289,0.40522875816993464,0.6473512211902305,0.7665149569511414,500.0
AD,Test,0.8338192419825073,0.583941605839416,0.8410724554341575,0.5209319796814369,0.4444444444444444,0.851063829787234,0.8410724554341575,0.03836880624294281,500.0
PD,Test,0.20408163265306123,0.12218649517684887,0.44582625576316426,0.4700044853106078,0.06666666666666667,0.7307692307692307,0.44582625576316426,0.016690947115421295,500.0
LMCI,Test,0.7813411078717201,0.734982332155477,0.7837390177156849,0.3964862303757525,0.6842105263157895,0.7938931297709924,0.7837390177156849,0.8552867770195007,500.0
EMCI,Test,0.7638483965014577,0.7460815047021944,0.7622462188309034,0.3341394026420279,0.7677419354838709,0.725609756097561,0.5637426900584795,0.6486532092094421,500.0
MCI,Test,0.7784256559766763,0.7532467532467533,0.7754462460825725,0.3482730490570212,0.8055555555555556,0.7073170731707317,0.7754462460825726,0.9154663681983948,500.0
FTD,Test,0.9620991253644315,0.7111111111111111,0.8860681114551083,0.6675218658892129,0.64,0.8,0.8860681114551083,0.5180196762084961,500.0
CN_EX,,0.6005830903790087,0.33170731707317075,0.5637426900584797,0.16543943584759913,0.6538461538461539,0.2222222222222222,,,
