,data,accuracy,f1_score,AUC_ROC,AUC_PR,precision_score,recall_score,Balanced_acc,treshold,EarlyStopping
CN,Validation,0.673469387755102,0.5409836065573771,0.6507936507936508,0.26025267249757045,0.7333333333333333,0.42857142857142855,0.6507936507936508,0.7665149569511414,500.0
AD,Validation,0.8134110787172012,0.5555555555555556,0.8371395110525545,0.5134998098618329,0.40816326530612246,0.8695652173913043,0.8371395110525546,0.03836880624294281,500.0
PD,Validation,0.19533527696793002,0.14814814814814814,0.529361805387042,0.4289206205382072,0.08053691275167785,0.9230769230769231,0.529361805387042,0.016690947115421295,500.0
LMCI,Validation,0.7871720116618076,0.752542372881356,0.8001625135427953,0.4119747599339436,0.6727272727272727,0.8538461538461538,0.8001625135427952,0.8552867770195007,500.0
EMCI,Validation,0.8104956268221575,0.7949526813880127,0.8087252897068847,0.37431117774175243,0.8181818181818182,0.7730061349693251,0.5474888200894393,0.6486532092094421,500.0
MCI,Validation,0.8134110787172012,0.7974683544303798,0.8115030674846625,0.37698497453319624,0.8235294117647058,0.7730061349693251,0.8115030674846626,0.9154663681983948,500.0
FTD,Validation,0.9533527696793003,0.6363636363636364,0.8345201238390093,0.5921039844509233,0.5833333333333334,0.7,0.8345201238390092,0.5180196762084961,500.0
CN_EX,,0.5889212827988338,0.2617801047120419,0.5474888200894393,0.15117149616738929,0.6578947368421053,0.16339869281045752,,,
