,data,accuracy,f1_score,AUC_ROC,AUC_PR,precision_score,recall_score,Balanced_acc,Gender
CN,Test,0.768361581920904,0.7092198581560284,0.7604669887278583,0.37338287071153686,0.6944444444444444,0.7246376811594203,0.7604669887278583,['M']
AD,Test,0.8813559322033898,0.5531914893617021,0.7381535947712418,0.4489222549742078,0.5652173913043478,0.5416666666666666,0.7381535947712419,['M']
PD,Test,0.9096045197740112,0.0,0.5,0.4548022598870056,0.0,0.0,0.5,['M']
LMCI,Test,0.8305084745762712,0.782608695652174,0.8163211755444766,0.4251579439609101,0.84375,0.7297297297297297,0.8163211755444766,['M']
EMCI,Test,0.8135593220338984,0.8114285714285714,0.8152813299232737,0.35312843118975534,0.8554216867469879,0.7717391304347826,0.7860305958132046,['M']
MCI,Test,0.8305084745762712,0.8295454545454546,0.8320332480818414,0.3651612450433379,0.8690476190476191,0.7934782608695652,0.8320332480818414,['M']
FTD,Test,0.9548022598870056,0.6363636363636364,0.7825757575757576,0.5879943502824859,0.7,0.5833333333333334,0.7825757575757576,['M']
CN_EX,,0.7740112994350282,0.7435897435897436,0.7860305958132043,0.3948661262589044,0.6666666666666666,0.8405797101449275,,
