,data,accuracy,f1_score,AUC_ROC,AUC_PR,precision_score,recall_score,Balanced_acc,treshold,EarlyStopping
CN,Test,0.7317784256559767,0.7309941520467836,0.7400756793945649,0.33393674930289574,0.6613756613756614,0.8169934640522876,0.7400756793945649,0.48814547061920166,500.0
AD,Test,0.7900874635568513,0.5384615384615384,0.8336328349626222,0.5097314517675674,0.3853211009174312,0.8936170212765957,0.8336328349626222,0.1611659675836563,500.0
PD,Test,0.717201166180758,0.291970802919708,0.7410822615869934,0.40765008111946893,0.18018018018018017,0.7692307692307693,0.7410822615869934,0.16410592198371887,500.0
LMCI,Test,0.7696793002915452,0.7322033898305085,0.7801382687599021,0.3930855316832162,0.6585365853658537,0.8244274809160306,0.7801382687599021,0.32545655965805054,500.0
EMCI,Test,0.7201166180758017,0.7377049180327869,0.7244345278648318,0.30988372338620485,0.6683168316831684,0.823170731707317,0.5755417956656347,0.34289997816085815,500.0
MCI,Test,0.7346938775510204,0.7436619718309859,0.7376345551165009,0.3165018821436669,0.6910994764397905,0.8048780487804879,0.7376345551165009,0.38944315910339355,500.0
FTD,Test,0.9358600583090378,0.5416666666666666,0.8017801857585138,0.5090379008746355,0.4642857142857143,0.65,0.801780185758514,0.16838903725147247,500.0
CN_EX,,0.6122448979591837,0.35121951219512193,0.5755417956656347,0.1882907008957429,0.6923076923076923,0.23529411764705882,,,
