,data,accuracy,f1_score,AUC_ROC,AUC_PR,precision_score,recall_score,Balanced_acc,treshold,EarlyStopping
CN,Validation,0.7230320699708455,0.7382920110192838,0.7366522366522367,0.33581402485806355,0.6411483253588517,0.8701298701298701,0.7366522366522366,0.48814547061920166,500.0
AD,Validation,0.7959183673469388,0.5333333333333333,0.8270385009515444,0.5017258695164639,0.38461538461538464,0.8695652173913043,0.8270385009515444,0.1611659675836563,500.0
PD,Validation,0.6822157434402333,0.2875816993464052,0.7574617811210871,0.43972025082421995,0.1732283464566929,0.8461538461538461,0.7574617811210871,0.16410592198371887,500.0
LMCI,Validation,0.8134110787172012,0.7730496453900709,0.818291802094619,0.4293868993519906,0.7171052631578947,0.8384615384615385,0.818291802094619,0.32545655965805054,500.0
EMCI,Validation,0.7696793002915452,0.7762039660056658,0.7730231765507839,0.3434539303059201,0.7210526315789474,0.8404907975460123,0.46871345029239764,0.34289997816085815,500.0
MCI,Validation,0.7638483965014577,0.7638483965014577,0.765729379686435,0.33715795111500635,0.7277777777777777,0.803680981595092,0.7657293796864348,0.38944315910339355,500.0
FTD,Validation,0.9387755102040817,0.5531914893617021,0.8033281733746129,0.5176357844725191,0.48148148148148145,0.65,0.803328173374613,0.16838903725147247,500.0
CN_EX,,0.5072886297376094,0.16748768472906403,0.46871345029239764,,0.34,0.1111111111111111,,,
