,data,accuracy,f1_score,AUC_ROC,AUC_PR,precision_score,recall_score,Balanced_acc
CN,Test,0.717201166180758,0.6254826254826255,0.6989164086687306,0.3056734823309378,0.7641509433962265,0.5294117647058824,0.6989164086687307
AD,Test,0.8221574344023324,0.5734265734265734,0.8432648073605522,0.5214319960506999,0.4270833333333333,0.8723404255319149,0.843264807360552
PD,Test,0.8104956268221575,0.36893203883495146,0.7739019655423441,0.4231635711227548,0.24675324675324675,0.7307692307692307,0.773901965542344
LMCI,Test,0.8338192419825073,0.7532467532467533,0.8014006913437994,0.4492768121425233,0.87,0.6641221374045801,0.8014006913437994
EMCI,Test,0.7755102040816326,0.7137546468401487,0.7675432620247991,0.3708170376164403,0.9142857142857143,0.5853658536585366,0.636360509115927
MCI,Test,0.7434402332361516,0.7671957671957672,0.7493357405641097,0.33042089967642274,0.677570093457944,0.8841463414634146,0.7493357405641096
FTD,Test,0.9037900874635568,0.49230769230769234,0.8551083591331269,0.5252996436669906,0.35555555555555557,0.8,0.855108359133127
CN_EX,,0.6676384839650146,0.4818181818181818,0.6363605091159271,0.2684334572492821,0.7910447761194029,0.3464052287581699,
