,data,accuracy,f1_score,AUC_ROC,AUC_PR,precision_score,recall_score,Balanced_acc,Gender
CN,Test,0.7228915662650602,0.7195121951219512,0.723602033405955,0.28674160528936293,0.7468354430379747,0.6941176470588235,0.723602033405955,['F']
AD,Test,0.8734939759036144,0.631578947368421,0.8500631313131314,0.5457518385229229,0.5142857142857142,0.8181818181818182,0.8500631313131313,['F']
PD,Test,0.9397590361445783,0.0,0.4968152866242038,0.5,0.0,0.0,0.4968152866242038,['F']
LMCI,Test,0.8493975903614458,0.782608695652174,0.8351038145823274,0.4754389609253712,0.7758620689655172,0.7894736842105263,0.8351038145823274,['F']
EMCI,Test,0.8493975903614458,0.8275862068965517,0.8475177304964538,0.43003520933047257,0.821917808219178,0.8333333333333334,0.7774146695715323,['F']
MCI,Test,0.8313253012048193,0.8108108108108109,0.8315602836879433,0.4138131473261467,0.7894736842105263,0.8333333333333334,0.8315602836879432,['F']
FTD,Test,0.9578313253012049,0.5882352941176471,0.7682236376503893,0.5481091030789826,0.625,0.5555555555555556,0.7682236376503893,['F']
CN_EX,,0.7771084337349398,0.7784431137724551,0.7774146695715323,0.32688717567544207,0.7926829268292683,0.7647058823529411,,
