,data,accuracy,f1_score,AUC_ROC,AUC_PR,precision_score,recall_score,Balanced_acc,treshold,EarlyStopping
CN,Test,0.7259475218658892,0.7431693989071039,0.741812865497076,0.342410471901705,0.6384976525821596,0.8888888888888888,0.7418128654970759,0.6701576709747314,500.0
AD,Test,0.7755102040816326,0.5276073619631901,0.8341359976998275,0.5115963008198773,0.3706896551724138,0.9148936170212766,0.8341359976998275,0.04097573086619377,500.0
PD,Test,0.8192419825072886,0.39215686274509803,0.7962873089056055,0.4491389383977999,0.2631578947368421,0.7692307692307693,0.7962873089056055,0.05205681174993515,500.0
LMCI,Test,0.7667638483965015,0.7315436241610739,0.7792380815209563,0.3925236123351188,0.6526946107784432,0.8320610687022901,0.7792380815209563,0.4344470500946045,500.0
EMCI,Test,0.7376093294460642,0.7398843930635838,0.7394059136122088,0.31623627741099125,0.7032967032967034,0.7804878048780488,0.636188510491916,0.4976823925971985,500.0
MCI,Test,0.749271137026239,0.7485380116959064,0.7505790979697506,0.3241384875603924,0.7191011235955056,0.7804878048780488,0.7505790979697506,0.4225345849990845,500.0
FTD,Test,0.8017492711370262,0.3333333333333333,0.8243808049535604,0.4747226765270568,0.2073170731707317,0.85,0.8243808049535604,0.02367997355759144,500.0
CN_EX,,0.6618075801749271,0.5126050420168067,0.636188510491916,0.24621658187084355,0.7176470588235294,0.39869281045751637,,,
