,data,accuracy,f1_score,AUC_ROC,AUC_PR,precision_score,recall_score,Balanced_acc,treshold,EarlyStopping
CN,Validation,0.6967930029154519,0.7333333333333333,0.7182539682539683,0.3343072095666354,0.6059322033898306,0.9285714285714286,0.7182539682539683,0.5067379474639893,500.0
AD,Validation,0.7784256559766763,0.5189873417721519,0.8261235543844239,0.5018657307643554,0.36607142857142855,0.8913043478260869,0.8261235543844239,0.10790335386991501,500.0
PD,Validation,0.7959183673469388,0.375,0.8013224945401601,0.45742605756844007,0.2441860465116279,0.8076923076923077,0.8013224945401602,0.22060315310955048,500.0
LMCI,Validation,0.8046647230320699,0.7545787545787546,0.8022571325388226,0.4166435605211115,0.7202797202797203,0.7923076923076923,0.8022571325388226,0.31551477313041687,500.0
EMCI,Validation,0.7376093294460642,0.7513812154696132,0.7421779141104294,0.32302639851495935,0.6834170854271356,0.8343558282208589,0.48696250429996557,0.33232197165489197,500.0
MCI,Validation,0.7580174927113703,0.7594202898550725,0.7601738241308794,0.33315917211622736,0.7197802197802198,0.803680981595092,0.7601738241308793,0.3760012686252594,500.0
FTD,Validation,0.6239067055393586,0.2085889570552147,0.7299535603715169,0.4305046993822504,0.11888111888111888,0.85,0.729953560371517,0.13211126625537872,500.0
CN_EX,,0.521865889212828,0.2336448598130841,0.4869625042999656,,0.4098360655737705,0.16339869281045752,,,
