,data,accuracy,f1_score,AUC_ROC,AUC_PR,precision_score,recall_score,Balanced_acc,treshold,EarlyStopping
CN,Test,0.7142857142857143,0.7421052631578947,0.7344685242518059,0.3427855723787312,0.6211453744493393,0.9215686274509803,0.734468524251806,0.5067379474639893,500.0
AD,Test,0.7551020408163265,0.5,0.8133625646923519,0.4906246203171163,0.34710743801652894,0.8936170212765957,0.8133625646923519,0.10790335386991501,500.0
PD,Test,0.8017492711370262,0.34615384615384615,0.7515166221790828,0.3973985198474994,0.23076923076923078,0.6923076923076923,0.7515166221790828,0.22060315310955048,500.0
LMCI,Test,0.7784256559766763,0.7323943661971831,0.7813805271496471,0.3942502482636093,0.6797385620915033,0.7938931297709924,0.7813805271496471,0.31551477313041687,500.0
EMCI,Test,0.6997084548104956,0.7282321899736148,0.7056479084343915,0.3014287037236092,0.641860465116279,0.8414634146341463,0.6055899552803578,0.33232197165489197,500.0
MCI,Test,0.7434402332361516,0.7485714285714286,0.7457589589862379,0.32151162701789726,0.7043010752688172,0.7987804878048781,0.7457589589862379,0.3760012686252594,500.0
FTD,Test,0.597667638483965,0.18823529411764706,0.6925696594427244,0.4008551992225462,0.10666666666666667,0.8,0.6925696594427244,0.13211126625537872,500.0
CN_EX,,0.6384839650145773,0.42592592592592593,0.6055899552803578,0.22531869890813466,0.7301587301587301,0.3006535947712418,,,
