,data,accuracy,f1_score,AUC_ROC,AUC_PR,precision_score,recall_score,Balanced_acc
CN,Test,0.7288629737609329,0.6568265682656826,0.7145338837289302,0.3151986379701195,0.7542372881355932,0.5816993464052288,0.7145338837289301
AD,Test,0.8017492711370262,0.5526315789473685,0.8403895917193789,0.5170709013088519,0.4,0.8936170212765957,0.8403895917193789
PD,Test,0.8104956268221575,0.32989690721649484,0.7209415190487746,0.3591438742344175,0.22535211267605634,0.6153846153846154,0.7209415190487746
LMCI,Test,0.8338192419825073,0.748898678414097,0.7984840846896155,0.4522670095846408,0.8854166666666666,0.648854961832061,0.7984840846896154
EMCI,Test,0.7784256559766763,0.7185185185185186,0.7705920425126038,0.3728124048251869,0.9150943396226415,0.5914634146341463,0.6166666666666667
MCI,Test,0.7376093294460642,0.7580645161290323,0.742727210791661,0.32421394247862645,0.6778846153846154,0.8597560975609756,0.7427272107916609
FTD,Test,0.9358600583090378,0.6071428571428571,0.8955882352941177,0.6071752510528021,0.4722222222222222,0.85,0.8955882352941176
CN_EX,,0.6472303206997084,0.45739910313901344,0.6166666666666667,0.23357628765792027,0.7285714285714285,0.3333333333333333,
