,data,accuracy,f1_score,AUC_ROC,AUC_PR,precision_score,recall_score,Balanced_acc,Gender
CN,Test,0.7740112994350282,0.7222222222222222,0.770330112721417,0.38167035126504545,0.6933333333333334,0.7536231884057971,0.770330112721417,['M']
AD,Test,0.903954802259887,0.6909090909090909,0.8566176470588235,0.5808160196828869,0.6129032258064516,0.7916666666666666,0.8566176470588235,['M']
PD,Test,0.9096045197740112,0.0,0.5,0.4548022598870056,0.0,0.0,0.5,['M']
LMCI,Test,0.8587570621468926,0.8226950354609929,0.8482025715035424,0.4518463568552109,0.8656716417910447,0.7837837837837838,0.8482025715035424,['M']
EMCI,Test,0.864406779661017,0.8636363636363636,0.8659846547314578,0.3908481594553813,0.9047619047619048,0.8260869565217391,0.7979066022544283,['M']
MCI,Test,0.8361581920903954,0.8342857142857143,0.8379156010230179,0.37039647166410666,0.8795180722891566,0.7934782608695652,0.8379156010230179,['M']
FTD,Test,0.943502824858757,0.5833333333333334,0.7765151515151516,0.5296610169491526,0.5833333333333334,0.5833333333333334,0.7765151515151516,['M']
CN_EX,,0.7853107344632768,0.7564102564102564,0.7979066022544283,0.4050347707502181,0.6781609195402298,0.855072463768116,,
