,data,accuracy,f1_score,AUC_ROC,AUC_PR,precision_score,recall_score,Balanced_acc,treshold,EarlyStopping
CN,Validation,0.7084548104956269,0.7142857142857143,0.7180134680134682,0.3180161675059634,0.6377551020408163,0.8116883116883117,0.718013468013468,0.27142032980918884,500.0
AD,Validation,0.8134110787172012,0.5555555555555556,0.8371395110525545,0.5134998098618329,0.40816326530612246,0.8695652173913043,0.8371395110525546,0.3317855894565582,500.0
PD,Validation,0.7521865889212828,0.3511450381679389,0.8129701528755158,0.48040293040293036,0.21904761904761905,0.8846153846153846,0.8129701528755157,0.179242804646492,500.0
LMCI,Validation,0.8221574344023324,0.7732342007434945,0.8178403755868544,0.4329928477043438,0.7482014388489209,0.8,0.8178403755868544,0.5015186667442322,500.0
EMCI,Validation,0.749271137026239,0.7542857142857143,0.7521301976823449,0.3278199974117605,0.7058823529411765,0.8098159509202454,0.5067423460612315,0.5161818861961365,500.0
MCI,Validation,0.749271137026239,0.7584269662921348,0.7529993183367417,0.3294490297288238,0.6994818652849741,0.8282208588957055,0.7529993183367416,0.501776397228241,500.0
FTD,Validation,0.7988338192419825,0.34285714285714286,0.8462848297213622,0.5004887669353455,0.21176470588235294,0.9,0.8462848297213623,0.171757310628891,500.0
CN_EX,,0.5451895043731778,0.22772277227722773,0.5067423460612315,0.05329750947998246,0.46938775510204084,0.1503267973856209,,,
