,data,accuracy,f1_score,AUC_ROC,AUC_PR,precision_score,recall_score,Balanced_acc,treshold,EarlyStopping
CN,Test,0.7346938775510204,0.7377521613832853,0.7446164430684555,0.3385765695576218,0.6597938144329897,0.8366013071895425,0.7446164430684554,0.27142032980918884,500.0
AD,Test,0.8104956268221575,0.5517241379310345,0.8275589419206439,0.502791390112276,0.40816326530612246,0.851063829787234,0.827558941920644,0.3317855894565582,500.0
PD,Test,0.7376093294460642,0.3181818181818182,0.769776753215239,0.43438963808621106,0.19811320754716982,0.8076923076923077,0.7697767532152391,0.179242804646492,500.0
LMCI,Test,0.7842565597667639,0.7279411764705882,0.7788059916462624,0.3936494572770522,0.7021276595744681,0.7557251908396947,0.7788059916462624,0.5015186667442322,500.0
EMCI,Test,0.7142857142857143,0.72,0.7165485761002861,0.30011549410142835,0.6774193548387096,0.7682926829268293,0.5859821121431029,0.5161818861961365,500.0
MCI,Test,0.7259475218658892,0.7388888888888889,0.7295101512467639,0.311828912749769,0.6785714285714286,0.8109756097560976,0.7295101512467639,0.501776397228241,500.0
FTD,Test,0.7988338192419825,0.3300970873786408,0.8228328173374613,0.4734737784959078,0.20481927710843373,0.85,0.8228328173374613,0.171757310628891,500.0
CN_EX,,0.6209912536443148,0.38095238095238093,0.5859821121431028,0.200255039359102,0.7017543859649122,0.26143790849673204,,,
