,data,accuracy,f1_score,AUC_ROC,AUC_PR,precision_score,recall_score,Balanced_acc
CN,Test,0.7201166180758017,0.6595744680851063,0.7091847265221878,0.3057861018161417,0.7209302325581395,0.6078431372549019,0.7091847265221878
AD,Test,0.7959183673469388,0.5454545454545454,0.8370112133410005,0.5133325835518424,0.3925233644859813,0.8936170212765957,0.8370112133410006
PD,Test,0.8250728862973761,0.3877551020408163,0.7817884008735744,0.4317313921905759,0.2638888888888889,0.7307692307692307,0.7817884008735744
LMCI,Test,0.8396501457725948,0.7639484978540773,0.8090342791300591,0.4552694578376607,0.8725490196078431,0.6793893129770993,0.8090342791300591
EMCI,Test,0.7900874635568513,0.7428571428571429,0.7835536176590817,0.3746784788648128,0.896551724137931,0.6341463414634146,0.6453560371517028
MCI,Test,0.7521865889212828,0.7619047619047619,0.7554162692464914,0.3296479683025202,0.7046632124352331,0.8292682926829268,0.7554162692464913
FTD,Test,0.9300291545189504,0.5714285714285714,0.8690402476780185,0.5697440881114351,0.4444444444444444,0.8,0.8690402476780186
CN_EX,,0.6705539358600583,0.5271966527196653,0.6453560371517026,0.25729261804389525,0.7325581395348837,0.4117647058823529,
