,data,accuracy,f1_score,AUC_ROC,AUC_PR,precision_score,recall_score,Balanced_acc,Gender
CN,Test,0.7288135593220338,0.68,0.7306763285024155,0.34539698135866154,0.6296296296296297,0.7391304347826086,0.7306763285024154,['M']
AD,Test,0.8983050847457628,0.5714285714285714,0.7303921568627451,0.481638418079096,0.6666666666666666,0.5,0.7303921568627452,['M']
PD,Test,0.9096045197740112,0.0,0.5,0.4548022598870056,0.0,0.0,0.5,['M']
LMCI,Test,0.847457627118644,0.8085106382978723,0.8365914458147468,0.4404517722883521,0.8507462686567164,0.7702702702702703,0.8365914458147468,['M']
EMCI,Test,0.8587570621468926,0.8571428571428571,0.8605498721227621,0.38766451213845804,0.9036144578313253,0.8152173913043478,0.7834138486312399,['M']
MCI,Test,0.8418079096045198,0.8409090909090909,0.8433503836317136,0.3737235498473524,0.8809523809523809,0.8043478260869565,0.8433503836317136,['M']
FTD,Test,0.943502824858757,0.5,0.6992424242424242,0.4728107344632768,0.625,0.4166666666666667,0.6992424242424242,['M']
CN_EX,,0.7740112994350282,0.7402597402597403,0.78341384863124,0.39240539251809786,0.6705882352941176,0.8260869565217391,,
