,data,accuracy,f1_score,AUC_ROC,AUC_PR,precision_score,recall_score,Balanced_acc,treshold,EarlyStopping
CN,Test,0.7288629737609329,0.7546174142480211,0.7488992088063295,0.3522050623873654,0.6327433628318584,0.934640522875817,0.7488992088063295,0.5342246890068054,500.0
AD,Test,0.8134110787172012,0.5789473684210527,0.8650445658424382,0.5449558546822983,0.41904761904761906,0.9361702127659575,0.8650445658424382,0.10327379405498505,500.0
PD,Test,0.8250728862973761,0.3877551020408163,0.7817884008735744,0.4317313921905759,0.2638888888888889,0.7307692307692307,0.7817884008735744,0.03831047564744949,500.0
LMCI,Test,0.8075801749271136,0.7591240875912408,0.8049654328100244,0.4180173308542213,0.7272727272727273,0.7938931297709924,0.8049654328100244,0.5283517241477966,500.0
EMCI,Test,0.7842565597667639,0.7797619047619048,0.7848651042376346,0.35017504287186074,0.7616279069767442,0.7987804878048781,0.6467148262813898,0.5159603357315063,500.0
MCI,Test,0.7580174927113703,0.7700831024930748,0.7617693146205206,0.33488140387834153,0.7055837563451777,0.8475609756097561,0.7617693146205204,0.3374737501144409,500.0
FTD,Test,0.9533527696793003,0.6666666666666666,0.8814241486068112,0.6332361516034986,0.5714285714285714,0.8,0.8814241486068112,0.23397870361804962,500.0
CN_EX,,0.673469387755102,0.5213675213675214,0.6467148262813898,0.26393626233562206,0.7530864197530864,0.39869281045751637,,,
