,data,accuracy,f1_score,AUC_ROC,AUC_PR,precision_score,recall_score,Balanced_acc,treshold,EarlyStopping
CN,Validation,0.6997084548104956,0.7379134860050891,0.7221019721019721,0.3382664428049109,0.606694560669456,0.9415584415584416,0.7221019721019721,0.5342246890068054,500.0
AD,Validation,0.8075801749271136,0.5416666666666666,0.8245864441516615,0.498985929775637,0.3979591836734694,0.8478260869565217,0.8245864441516615,0.10327379405498505,500.0
PD,Validation,0.8250728862973761,0.4117647058823529,0.8170953652026207,0.4734909290494682,0.27631578947368424,0.8076923076923077,0.8170953652026207,0.03831047564744949,500.0
LMCI,Validation,0.8221574344023324,0.769811320754717,0.8148429035752979,0.43189305026039715,0.7555555555555555,0.7846153846153846,0.814842903575298,0.5283517241477966,500.0
EMCI,Validation,0.7638483965014577,0.7582089552238805,0.7645705521472393,0.3360160738775261,0.7383720930232558,0.7791411042944786,0.48025455796353633,0.5159603357315063,500.0
MCI,Validation,0.749271137026239,0.7611111111111111,0.7535787321063396,0.3306433505570555,0.6954314720812182,0.8404907975460123,0.7535787321063394,0.3374737501144409,500.0
FTD,Validation,0.9504373177842566,0.6382978723404256,0.8564241486068113,0.6017573696145125,0.5555555555555556,0.75,0.8564241486068112,0.23397870361804962,500.0
CN_EX,,0.5102040816326531,0.26956521739130435,0.4802545579635363,,0.4025974025974026,0.20261437908496732,,,
