,data,accuracy,f1_score,AUC_ROC,AUC_PR,precision_score,recall_score,Balanced_acc,treshold,EarlyStopping
CN,Validation,0.6880466472303207,0.7249357326478149,0.7091149591149591,0.3277630532732574,0.6,0.9155844155844156,0.7091149591149591,0.5443381667137146,500.0
AD,Validation,0.7551020408163265,0.5,0.8218416044503001,0.5003730032894942,0.3442622950819672,0.9130434782608695,0.8218416044503001,0.03559378907084465,500.0
PD,Validation,0.8338192419825073,0.41237113402061853,0.8041737442368356,0.45840506145191395,0.28169014084507044,0.7692307692307693,0.8041737442368357,0.05063330754637718,500.0
LMCI,Validation,0.7988338192419825,0.703862660944206,0.7660888407367281,0.4044049669371642,0.7961165048543689,0.6307692307692307,0.7660888407367281,0.5127202272415161,500.0
EMCI,Validation,0.7288629737609329,0.752,0.7352931152010908,0.32191381918798645,0.6650943396226415,0.8650306748466258,0.5052975576195391,0.41390281915664673,500.0
MCI,Validation,0.7346938775510204,0.7547169811320755,0.7405589638718473,0.3242953522000724,0.6730769230769231,0.8588957055214724,0.7405589638718473,0.2459031194448471,500.0
FTD,Validation,0.717201166180758,0.2595419847328244,0.7794891640866872,0.44764071651826753,0.15315315315315314,0.85,0.7794891640866872,0.0207353662699461,500.0
CN_EX,,0.5393586005830904,0.26851851851851855,0.505297557619539,0.05962384953981591,0.4603174603174603,0.1895424836601307,,,
