,data,accuracy,f1_score,AUC_ROC,AUC_PR,precision_score,recall_score,Balanced_acc,treshold,EarlyStopping
CN,Test,0.7346938775510204,0.7598944591029023,0.7547987616099071,0.35622769967658363,0.6371681415929203,0.9411764705882353,0.7547987616099071,0.5443381667137146,500.0
AD,Test,0.717201166180758,0.4756756756756757,0.809301322599195,0.4948523350135614,0.3188405797101449,0.9361702127659575,0.809301322599195,0.03559378907084465,500.0
PD,Test,0.8104956268221575,0.32989690721649484,0.7209415190487746,0.3591438742344175,0.22535211267605634,0.6153846153846154,0.7209415190487746,0.05063330754637718,500.0
LMCI,Test,0.8367346938775511,0.768595041322314,0.8125090018723895,0.4473501387350896,0.8378378378378378,0.7099236641221374,0.8125090018723895,0.5127202272415161,500.0
EMCI,Test,0.7142857142857143,0.75,0.7219137484670937,0.3171863830806484,0.6447368421052632,0.8963414634146342,0.6070347437220502,0.41390281915664673,500.0
MCI,Test,0.7259475218658892,0.7539267015706806,0.7323204796293773,0.32032002776496593,0.6605504587155964,0.8780487804878049,0.7323204796293773,0.2459031194448471,500.0
FTD,Test,0.7230320699708455,0.2857142857142857,0.8294891640866873,0.5022194845068242,0.168141592920354,0.95,0.8294891640866873,0.0207353662699461,500.0
CN_EX,,0.6443148688046647,0.39603960396039606,0.6070347437220501,0.25754111168276833,0.8163265306122449,0.26143790849673204,,,
