,data,accuracy,f1_score,AUC_ROC,AUC_PR,precision_score,recall_score,Balanced_acc,treshold,EarlyStopping
CN,Validation,0.6588921282798834,0.7153284671532847,0.6862674362674364,0.3244894349674783,0.5719844357976653,0.9545454545454546,0.6862674362674362,0.4454779326915741,500.0
AD,Validation,0.7784256559766763,0.525,0.8353096179183136,0.5124523820643,0.3684210526315789,0.9130434782608695,0.8353096179183135,0.21040114760398865,500.0
PD,Validation,0.4518950437317784,0.2033898305084746,0.6681630672166949,0.44579502130522536,0.11428571428571428,0.9230769230769231,0.6681630672166949,0.12592913210391998,500.0
LMCI,Validation,0.8134110787172012,0.7538461538461538,0.8018057060310582,0.42148463781116835,0.7538461538461538,0.7538461538461538,0.8018057060310582,0.5059398412704468,500.0
EMCI,Validation,0.7580174927113703,0.7551622418879056,0.7593047034764826,0.3320761497173166,0.7272727272727273,0.7852760736196319,0.511076711386309,0.35635772347450256,500.0
MCI,Validation,0.7288629737609329,0.6436781609195402,0.7187798227675529,0.3261818311899694,0.8571428571428571,0.5153374233128835,0.7187798227675528,0.4818423390388489,500.0
FTD,Validation,0.3848396501457726,0.145748987854251,0.6264705882352941,0.4342539910866801,0.07929515418502203,0.9,0.6264705882352941,0.09570503979921341,500.0
CN_EX,,0.5626822157434402,0.0625,0.511076711386309,0.14316202671544812,0.7142857142857143,0.032679738562091505,,,
