,data,accuracy,f1_score,AUC_ROC,AUC_PR,precision_score,recall_score,Balanced_acc,treshold,EarlyStopping
CN,Test,0.685131195335277,0.73,0.7113347093223255,0.3368106834019515,0.5910931174089069,0.954248366013072,0.7113347093223255,0.4454779326915741,500.0
AD,Test,0.7813411078717201,0.5283018867924528,0.8285652673950545,0.5045709013088517,0.375,0.8936170212765957,0.8285652673950545,0.21040114760398865,500.0
PD,Test,0.4577259475218659,0.211864406779661,0.6889711235137103,0.46594901696942514,0.11904761904761904,0.9615384615384616,0.6889711235137103,0.12592913210391998,500.0
LMCI,Test,0.7696793002915452,0.7228070175438597,0.772846752124442,0.38643748368783415,0.6688311688311688,0.7862595419847328,0.7728467521244419,0.5059398412704468,500.0
EMCI,Test,0.7346938775510204,0.7377521613832853,0.7366126175228231,0.31431470171892373,0.6994535519125683,0.7804878048780488,0.5006363949088407,0.35635772347450256,500.0
MCI,Test,0.7725947521865889,0.7045454545454546,0.7639835127401552,0.37390101685273414,0.93,0.5670731707317073,0.7639835127401553,0.4818423390388489,500.0
FTD,Test,0.40233236151603496,0.16326530612244897,0.6826625386996904,0.4861354065435698,0.08888888888888889,1.0,0.6826625386996904,0.09570503979921341,500.0
CN_EX,,0.5539358600583091,0.012903225806451613,0.5006363949088407,0.0287781779378418,0.5,0.006535947712418301,,,
