,data,accuracy,f1_score,AUC_ROC,AUC_PR,precision_score,recall_score,Balanced_acc,Gender
CN,Test,0.7853107344632768,0.7532467532467533,0.7952898550724637,0.40270926351380637,0.6823529411764706,0.8405797101449275,0.7952898550724637,['M']
AD,Test,0.8926553672316384,0.6545454545454545,0.832516339869281,0.5466785128485512,0.5806451612903226,0.75,0.832516339869281,['M']
PD,Test,0.9096045197740112,0.0,0.5,0.4548022598870056,0.0,0.0,0.5,['M']
LMCI,Test,0.8531073446327684,0.8088235294117647,0.8376410390973498,0.45076322905737887,0.8870967741935484,0.7432432432432432,0.8376410390973498,['M']
EMCI,Test,0.8305084745762712,0.8314606741573034,0.8315856777493608,0.36347991751069675,0.8604651162790697,0.8043478260869565,0.7979066022544283,['M']
MCI,Test,0.8700564971751412,0.8670520231213873,0.872314578005115,0.3988202461857583,0.9259259259259259,0.8152173913043478,0.8723145780051151,['M']
FTD,Test,0.96045197740113,0.631578947368421,0.7469696969696968,0.6277239709443099,0.8571428571428571,0.5,0.746969696969697,['M']
CN_EX,,0.7853107344632768,0.7564102564102564,0.7979066022544283,0.4050347707502181,0.6781609195402298,0.855072463768116,,
