,data,accuracy,f1_score,AUC_ROC,AUC_PR,precision_score,recall_score,Balanced_acc,treshold,EarlyStopping
CN,Test,0.7259475218658892,0.7513227513227513,0.7456312349501204,0.34957868861830443,0.6311111111111111,0.9281045751633987,0.7456312349501204,0.5593938231468201,500.0
AD,Test,0.8513119533527697,0.6222222222222222,0.8691058079355951,0.5557072649452155,0.4772727272727273,0.8936170212765957,0.8691058079355951,0.07237715274095535,500.0
PD,Test,0.5014577259475219,0.23318385650224216,0.7302839116719243,0.49018809844459904,0.1319796954314721,1.0,0.7302839116719243,0.010585849173367023,500.0
LMCI,Test,0.793002915451895,0.7526132404181185,0.799006193288204,0.4099710851541355,0.6923076923076923,0.8244274809160306,0.799006193288204,0.45697295665740967,500.0
EMCI,Test,0.7201166180758017,0.7538461538461538,0.7275003406458647,0.3200392009660699,0.6504424778761062,0.8963414634146342,0.5235122119023048,0.4710402488708496,500.0
MCI,Test,0.7551020408163265,0.772972972972973,0.7599979561248127,0.33554112250766144,0.6941747572815534,0.8719512195121951,0.7599979561248127,0.3067183792591095,500.0
FTD,Test,0.8483965014577259,0.4090909090909091,0.8726006191950464,0.5269593551706397,0.2647058823529412,0.9,0.8726006191950464,0.028485698625445366,500.0
CN_EX,,0.5743440233236151,0.09876543209876543,0.5235122119023048,0.23589435774309722,0.8888888888888888,0.05228758169934641,,,
