,data,accuracy,f1_score,AUC_ROC,AUC_PR,precision_score,recall_score,Balanced_acc,Gender
CN,Test,0.7831325301204819,0.7777777777777778,0.7841684822076979,0.33389601185490625,0.8181818181818182,0.7411764705882353,0.784168482207698,['F']
AD,Test,0.9036144578313253,0.68,0.8481691919191919,0.5724651854169927,0.6071428571428571,0.7727272727272727,0.8481691919191919,['F']
PD,Test,0.9457831325301205,0.0,0.5,0.47289156626506024,0.0,0.0,0.5,['F']
LMCI,Test,0.8493975903614458,0.7899159663865546,0.8434733623048445,0.47805994777070926,0.7580645161290323,0.8245614035087719,0.8434733623048447,['F']
EMCI,Test,0.8614457831325302,0.8413793103448276,0.8597813238770686,0.4408169206506391,0.8356164383561644,0.8472222222222222,0.8012345679012346,['F']
MCI,Test,0.8554216867469879,0.8378378378378378,0.8560874704491725,0.43483583456633546,0.8157894736842105,0.8611111111111112,0.8560874704491725,['F']
FTD,Test,0.9397590361445783,0.16666666666666666,0.5491861288039632,0.19210174029451138,0.3333333333333333,0.1111111111111111,0.5491861288039632,['F']
CN_EX,,0.8012048192771084,0.8047337278106509,0.8012345679012346,0.3439185312679289,0.8095238095238095,0.8,,
