,data,accuracy,f1_score,AUC_ROC,AUC_PR,precision_score,recall_score,Balanced_acc,Gender
CN,Test,0.7771084337349398,0.783625730994152,0.7768336964415397,0.3258212054785489,0.7790697674418605,0.788235294117647,0.7768336964415395,['F']
AD,Test,0.891566265060241,0.6785714285714286,0.8797348484848486,0.5877359706204497,0.5588235294117647,0.8636363636363636,0.8797348484848485,['F']
PD,Test,0.9457831325301205,0.0,0.5,0.47289156626506024,0.0,0.0,0.5,['F']
LMCI,Test,0.8674698795180723,0.8070175438596491,0.8530500563334941,0.4967765800042274,0.8070175438596491,0.8070175438596491,0.8530500563334943,['F']
EMCI,Test,0.8253012048192772,0.7943262411347518,0.8197399527186761,0.40914382166346547,0.8115942028985508,0.7777777777777778,0.7706608569353668,['F']
MCI,Test,0.8493975903614458,0.8275862068965517,0.8475177304964538,0.43003520933047257,0.821917808219178,0.8333333333333334,0.8475177304964538,['F']
FTD,Test,0.9457831325301205,0.4,0.6571125265392781,0.3805220883534136,0.5,0.3333333333333333,0.6571125265392781,['F']
CN_EX,,0.7710843373493976,0.7790697674418605,0.7706608569353667,0.32134379302198646,0.7701149425287356,0.788235294117647,,
