,data,accuracy,f1_score,AUC_ROC,AUC_PR,precision_score,recall_score,Balanced_acc,Gender
CN,Test,0.7231638418079096,0.6878980891719745,0.7338969404186795,0.3506649025256247,0.6136363636363636,0.782608695652174,0.7338969404186796,['M']
AD,Test,0.903954802259887,0.6792452830188679,0.8390522875816994,0.5667007597895968,0.6206896551724138,0.75,0.8390522875816994,['M']
PD,Test,0.9096045197740112,0.0,0.5,0.4548022598870056,0.0,0.0,0.5,['M']
LMCI,Test,0.8418079096045198,0.8,0.8298346890579902,0.43538916420272356,0.8484848484848485,0.7567567567567568,0.8298346890579901,['M']
EMCI,Test,0.8361581920903954,0.8304093567251462,0.8388107416879796,0.3747846764238563,0.8987341772151899,0.7717391304347826,0.7820048309178744,['M']
MCI,Test,0.847457627118644,0.8421052631578947,0.8501278772378515,0.38372371419954043,0.9113924050632911,0.782608695652174,0.8501278772378517,['M']
FTD,Test,0.9548022598870056,0.5555555555555556,0.7053030303030303,0.5769774011299436,0.8333333333333334,0.4166666666666667,0.7053030303030303,['M']
CN_EX,,0.7627118644067796,0.7407407407407407,0.7820048309178743,0.3929564741959255,0.6451612903225806,0.8695652173913043,,
