{"Loss_AD": 0.294674277305603, "Loss_FTD": 0.2666899263858795, "Loss_LMCI": 0.482534259557724, "Loss_EMCI": 0.5581421256065369, "Loss_MCI": 0.5048097968101501, "Loss_PD": 0.2912721633911133, "loss_CN": 0.586930513381958, "_timestamp": 1717431232.2883656, "_runtime": 11.343118667602539, "_step": 105, "rersults_AUC_ROC_AD": 0.5319886082903331, "rersults_AUC_ROC_PD": 0.4949198265281518, "rersults_AUC_ROC_MCI": 0.5424213734208997, "rersults_AUC_ROC_LMCI": 0.5522697552742547, "rersults_AUC_ROC_EMCI": 0.5810127011323591, "rersults_AUC_ROC_FTD": 0.5636373604905706, "rersults_AUC_PR_AD": 0.17133063077926636, "rersults_AUC_PR_PD": 0.12342733889818192, "rersults_AUC_PR_MCI": 0.27043792605400085, "rersults_AUC_PR_LMCI": 0.3267143666744232, "rersults_AUC_PR_EMCI": 0.39595454931259155, "rersults_AUC_PR_FTD": 0.3594479262828827, "rersults_AUC_PR": 0.29490690105236494, "rersults_AUC_ROC": 0.5396582863696232, "Train Epoch": 5, "Loss": 2.0991058349609375, "Lr": 0.001, "Train AUC_ROC": 0.5396582863696232, "Train AUC_PR": 0.29490690105236494, "test_Loss_AD": 0.2372438907623291, "test_Loss_FTD": 0.11530934274196625, "test_Loss_LMCI": 0.4412286579608917, "test_Loss_EMCI": 0.4824528396129608, "test_Loss_MCI": 0.4971490204334259, "test_Loss_PD": 0.2838662266731262, "test_Loss_CN": 0.5639978051185608, "rersults_AUC_ROC_AD_test": 0.8834332069626187, "rersults_AUC_ROC_PD_test": 0.6353389454880023, "rersults_AUC_ROC_MCI_test": 0.6203490099190017, "rersults_AUC_ROC_LMCI_test": 0.6388369023637127, "rersults_AUC_ROC_EMCI_test": 0.6456027567261163, "rersults_AUC_ROC_FTD_test": 0.6450778954577778, "rersults_AUC_PR_AD_test": 0.27179616689682007, "rersults_AUC_PR_PD_test": 0.14944379031658173, "rersults_AUC_PR_MCI_test": 0.31922173500061035, "rersults_AUC_PR_LMCI_test": 0.3883529305458069, "rersults_AUC_PR_EMCI_test": 0.44705039262771606, "rersults_AUC_PR_FTD_test": 0.4107542037963867, "rersults_AUC_PR_test": 0.353787325322628, "rersults_AUC_ROC_test": 0.6430439159829657, "Test Epoch": 5, "test_loss": 2.621247783303261, "Test AUC_ROC": 0.6430439159829657, "Test AUC_PR": 0.353787325322628, "_wandb": {"runtime": 10}}