,data,accuracy,f1_score,AUC_ROC,AUC_PR,precision_score,recall_score,Balanced_acc
CN,Test,0.7201166180758017,0.6546762589928058,0.7079119367045064,0.30570048971969743,0.728,0.5947712418300654,0.7079119367045064
AD,Test,0.8104956268221575,0.5637583892617449,0.8454571592869464,0.5229532542500283,0.4117647058823529,0.8936170212765957,0.8454571592869464
PD,Test,0.8367346938775511,0.37777777777777777,0.7527905848095123,0.39705336117963663,0.265625,0.6538461538461539,0.7527905848095122
LMCI,Test,0.8309037900874635,0.7542372881355932,0.8019588074319459,0.44280447184326294,0.8476190476190476,0.6793893129770993,0.8019588074319459
EMCI,Test,0.7813411078717201,0.7292418772563177,0.774407276195667,0.36853210804225484,0.8938053097345132,0.6158536585365854,0.6393704850361197
MCI,Test,0.7288629737609329,0.7365439093484419,0.7315369941408911,0.3116853787585495,0.6878306878306878,0.7926829268292683,0.7315369941408911
FTD,Test,0.924198250728863,0.5517241379310345,0.8659442724458205,0.5580481816786865,0.42105263157894735,0.8,0.8659442724458204
CN_EX,,0.6618075801749271,0.532258064516129,0.6393704850361197,0.2438127130551469,0.6947368421052632,0.43137254901960786,
