,data,accuracy,f1_score,AUC_ROC,AUC_PR,precision_score,recall_score,Balanced_acc
CN,Test,0.7055393586005831,0.6245353159851301,0.6902992776057791,0.29109771987612776,0.7241379310344828,0.5490196078431373,0.6902992776057792
AD,Test,0.7871720116618076,0.535031847133758,0.831943645773433,0.5079799922179427,0.38181818181818183,0.8936170212765957,0.831943645773433
PD,Test,0.7959183673469388,0.35185185185185186,0.7660155302111138,0.4156406062827168,0.23170731707317074,0.7307692307692307,0.7660155302111138
LMCI,Test,0.8338192419825073,0.7532467532467533,0.8014006913437994,0.4492768121425233,0.87,0.6641221374045801,0.8014006913437994
EMCI,Test,0.7871720116618076,0.7326007326007326,0.7797383839760186,0.3787539949649905,0.9174311926605505,0.6097560975609756,0.6068627450980393
MCI,Test,0.7434402332361516,0.7595628415300546,0.7478028341735932,0.32614893164634673,0.6881188118811881,0.8475609756097561,0.7478028341735932
FTD,Test,0.9008746355685131,0.48484848484848486,0.8535603715170279,0.5214349093674737,0.34782608695652173,0.8,0.8535603715170279
CN_EX,,0.6384839650145773,0.43636363636363634,0.6068627450980393,0.22206878487002474,0.7164179104477612,0.3137254901960784,
