,data,accuracy,f1_score,AUC_ROC,AUC_PR,precision_score,recall_score,Balanced_acc,treshold,EarlyStopping
CN,Validation,0.6880466472303207,0.7304785894206549,0.7115199615199616,0.3332730719352034,0.5967078189300411,0.9415584415584416,0.7115199615199616,0.3103485405445099,500.0
AD,Validation,0.8600583090379009,0.6363636363636364,0.8824476650563607,0.5724279022601385,0.4883720930232558,0.9130434782608695,0.8824476650563606,0.3801845610141754,500.0
PD,Validation,0.6530612244897959,0.2787878787878788,0.7593423926231497,0.45361293382876117,0.16546762589928057,0.8846153846153846,0.7593423926231497,0.15775665640830994,500.0
LMCI,Validation,0.7959183673469388,0.7388059701492538,0.7892199349945829,0.40564564096063643,0.717391304347826,0.7615384615384615,0.7892199349945829,0.4794374704360962,500.0
EMCI,Validation,0.7638483965014577,0.7652173913043478,0.7660190865712337,0.3375161835785349,0.7252747252747253,0.8098159509202454,0.5023735810113519,0.46938517689704895,500.0
MCI,Validation,0.7405247813411079,0.7561643835616438,0.745535105657805,0.3261215316473428,0.6831683168316832,0.8466257668711656,0.745535105657805,0.3691297471523285,500.0
FTD,Validation,0.7317784256559767,0.2698412698412698,0.7872291021671826,0.45125281918697396,0.16037735849056603,0.85,0.7872291021671827,0.14007000625133514,500.0
CN_EX,,0.5481049562682215,0.1340782122905028,0.5023735810113519,0.029460135702632707,0.46153846153846156,0.0784313725490196,,,
