,data,accuracy,f1_score,AUC_ROC,AUC_PR,precision_score,recall_score,Balanced_acc,treshold,EarlyStopping
CN,Test,0.6705539358600583,0.7209876543209877,0.6981768145854834,0.3309466643800377,0.5793650793650794,0.954248366013072,0.6981768145854833,0.3103485405445099,500.0
AD,Test,0.8309037900874635,0.5671641791044776,0.8214850488786658,0.49873941820727874,0.4367816091954023,0.8085106382978723,0.8214850488786658,0.3801845610141754,500.0
PD,Test,0.6559766763848397,0.25316455696202533,0.7079592331958262,0.3933175667869546,0.15151515151515152,0.7692307692307693,0.7079592331958262,0.15775665640830994,500.0
LMCI,Test,0.7900874635568513,0.7372262773722628,0.7864395794325219,0.4004506165278871,0.7062937062937062,0.7709923664122137,0.786439579432522,0.4794374704360962,500.0
EMCI,Test,0.7317784256559767,0.7401129943502824,0.734585774628696,0.3140979314887518,0.6894736842105263,0.7987804878048781,0.5391296869625043,0.46938517689704895,500.0
MCI,Test,0.6909620991253644,0.7268041237113402,0.6980344733614934,0.3000037776434616,0.6294642857142857,0.8597560975609756,0.6980344733614934,0.3691297471523285,500.0
FTD,Test,0.7405247813411079,0.2644628099173554,0.768421052631579,0.4267297866812921,0.15841584158415842,0.8,0.7684210526315789,0.14007000625133514,500.0
CN_EX,,0.5860058309037901,0.1839080459770115,0.5391296869625043,0.186884277520532,0.7619047619047619,0.10457516339869281,,,
