,data,accuracy,f1_score,AUC_ROC,AUC_PR,precision_score,recall_score,Balanced_acc,treshold,EarlyStopping
CN,Validation,0.673469387755102,0.7185929648241206,0.6970899470899471,0.32437389475696604,0.5860655737704918,0.9285714285714286,0.6970899470899471,0.4900543987751007,500.0
AD,Validation,0.8250728862973761,0.5833333333333334,0.8622456448543405,0.5425275700342248,0.42857142857142855,0.9130434782608695,0.8622456448543405,0.2366352528333664,500.0
PD,Validation,0.7638483965014577,0.352,0.8016258189759767,0.4642171887069846,0.2222222222222222,0.8461538461538461,0.8016258189759766,0.16670382022857666,500.0
LMCI,Validation,0.7900874635568513,0.7428571428571429,0.7920187793427231,0.40555879494655006,0.6933333333333334,0.8,0.792018779342723,0.3011851906776428,500.0
EMCI,Validation,0.7201166180758017,0.7512953367875648,0.7281186094069529,0.3209177918602033,0.6502242152466368,0.8895705521472392,0.4950292397660818,0.4416670501232147,500.0
MCI,Validation,0.7113702623906706,0.7468030690537084,0.7200749829584185,0.317590881548431,0.6403508771929824,0.8957055214723927,0.7200749829584185,0.36424994468688965,500.0
FTD,Validation,0.4839650145772595,0.16113744075829384,0.6556501547987617,0.4155667577427381,0.08900523560209424,0.85,0.6556501547987617,0.1295246034860611,500.0
CN_EX,,0.5364431486880467,0.17616580310880828,0.4950292397660819,,0.425,0.1111111111111111,,,
