,data,accuracy,f1_score,AUC_ROC,AUC_PR,precision_score,recall_score,Balanced_acc,treshold,EarlyStopping
CN,Test,0.6909620991253644,0.7309644670050761,0.7153250773993808,0.33639881560211515,0.5975103734439834,0.9411764705882353,0.7153250773993808,0.4900543987751007,500.0
AD,Test,0.7988338192419825,0.5490196078431373,0.8387004025301897,0.5151841088560216,0.39622641509433965,0.8936170212765957,0.8387004025301897,0.2366352528333664,500.0
PD,Test,0.7696793002915452,0.3247863247863248,0.7518199466148994,0.4041825521417358,0.2087912087912088,0.7307692307692307,0.7518199466148993,0.16670382022857666,500.0
LMCI,Test,0.7725947521865889,0.7253521126760564,0.7752052426904796,0.38862320646179227,0.673202614379085,0.7862595419847328,0.7752052426904796,0.3011851906776428,500.0
EMCI,Test,0.6822157434402333,0.72544080604534,0.6904210382885951,0.29905767394364846,0.6180257510729614,0.8780487804878049,0.5900584795321637,0.4416670501232147,500.0
MCI,Test,0.6822157434402333,0.7295285359801489,0.6911874914838534,0.3023493427811549,0.6150627615062761,0.8963414634146342,0.6911874914838534,0.36424994468688965,500.0
FTD,Test,0.4577259475218659,0.16216216216216217,0.6651702786377709,0.43916086943971366,0.0891089108910891,0.9,0.6651702786377709,0.1295246034860611,500.0
CN_EX,,0.6297376093294461,0.3487179487179487,0.5900584795321637,0.24327826368642697,0.8095238095238095,0.2222222222222222,,,
