,data,accuracy,f1_score,AUC_ROC,AUC_PR,precision_score,recall_score,Balanced_acc,treshold,EarlyStopping
CN,Validation,0.7230320699708455,0.7453083109919572,0.7396584896584897,0.3415365968483106,0.634703196347032,0.9025974025974026,0.7396584896584897,0.6732019782066345,500.0
AD,Validation,0.8600583090379009,0.6129032258064516,0.8457034109208021,0.5341842422587764,0.48717948717948717,0.8260869565217391,0.8457034109208021,0.14717885851860046,500.0
PD,Validation,0.8425655976676385,0.4489795918367347,0.8442125697646202,0.5058838553736513,0.3055555555555556,0.8461538461538461,0.8442125697646202,0.04809155315160751,500.0
LMCI,Validation,0.7871720116618076,0.7491408934707904,0.7971650415312388,0.4093435845432296,0.6770186335403726,0.8384615384615385,0.7971650415312388,0.4597856104373932,500.0
EMCI,Validation,0.7580174927113703,0.7648725212464589,0.761332651670075,0.33497125498107355,0.7105263157894737,0.8282208588957055,0.5352597179222567,0.5027459263801575,500.0
MCI,Validation,0.7755102040816326,0.7701492537313432,0.7762610770279481,0.3450495447960078,0.75,0.7914110429447853,0.7762610770279481,0.42585545778274536,500.0
FTD,Validation,0.8483965014577259,0.4090909090909091,0.8726006191950464,0.5269593551706397,0.2647058823529412,0.9,0.8726006191950464,0.030399424955248833,500.0
CN_EX,,0.5626822157434402,0.3644067796610169,0.5352597179222566,0.11384473468102099,0.5180722891566265,0.28104575163398693,,,
