,data,accuracy,f1_score,AUC_ROC,AUC_PR,precision_score,recall_score,Balanced_acc,Gender
CN,Test,0.7710843373493976,0.7682926829268293,0.7718228031953522,0.323539279979187,0.7974683544303798,0.7411764705882353,0.7718228031953522,['F']
AD,Test,0.8795180722891566,0.6,0.7957702020202019,0.49732045063370356,0.5357142857142857,0.6818181818181818,0.795770202020202,['F']
PD,Test,0.9457831325301205,0.0,0.5,0.47289156626506024,0.0,0.0,0.5,['F']
LMCI,Test,0.9036144578313253,0.8571428571428571,0.888942539835828,0.5411512077016198,0.8727272727272727,0.8421052631578947,0.8889425398358282,['F']
EMCI,Test,0.8614457831325302,0.8345323741007195,0.8549054373522459,0.44404733361305915,0.8656716417910447,0.8055555555555556,0.8183006535947712,['F']
MCI,Test,0.8674698795180723,0.8450704225352113,0.8634751773049646,0.4476477337923121,0.8571428571428571,0.8333333333333334,0.8634751773049645,['F']
FTD,Test,0.9337349397590361,0.47619047619047616,0.7554847841472045,0.44394243641231595,0.4166666666666667,0.5555555555555556,0.7554847841472045,['F']
CN_EX,,0.8192771084337349,0.8295454545454546,0.8183006535947712,0.3546070513469521,0.8021978021978022,0.8588235294117647,,
