,data,accuracy,f1_score,AUC_ROC,AUC_PR,precision_score,recall_score,Balanced_acc,treshold,EarlyStopping
CN,Validation,0.6268221574344023,0.42342342342342343,0.597041847041847,0.20518272243962518,0.6911764705882353,0.3051948051948052,0.597041847041847,0.7662659883499146,500.0
AD,Validation,0.8250728862973761,0.5774647887323944,0.853059581320451,0.5323716831453078,0.4270833333333333,0.8913043478260869,0.8530595813204509,0.028561292216181755,500.0
PD,Validation,0.07871720116618076,0.1366120218579235,0.4839238049017229,0.464327764072662,0.07352941176470588,0.9615384615384616,0.4839238049017229,0.015547319315373898,500.0
LMCI,Validation,0.793002915451895,0.7455197132616488,0.7943661971830986,0.4078854168704874,0.697986577181208,0.8,0.7943661971830986,0.8568517565727234,500.0
EMCI,Validation,0.7725947521865889,0.7692307692307693,0.7737730061349692,0.343087874939634,0.7428571428571429,0.7975460122699386,0.5006363949088407,0.5031011700630188,500.0
MCI,Validation,0.7667638483965015,0.7687861271676301,0.7690865712338104,0.3398765577983036,0.726775956284153,0.8159509202453987,0.7690865712338104,0.17860668897628784,500.0
FTD,Validation,0.7784256559766763,0.3333333333333333,0.8589009287925695,0.5192125178338812,0.20212765957446807,0.95,0.8589009287925696,0.03453134372830391,500.0
CN_EX,,0.5539358600583091,0.012903225806451613,0.5006363949088407,0.0287781779378418,0.5,0.006535947712418301,,,
