,data,accuracy,f1_score,AUC_ROC,AUC_PR,precision_score,recall_score,Balanced_acc,treshold,EarlyStopping
CN,Test,0.6618075801749271,0.45794392523364486,0.6285517715858273,0.2673094218171265,0.8032786885245902,0.3202614379084967,0.6285517715858273,0.7662659883499146,500.0
AD,Test,0.8221574344023324,0.5734265734265734,0.8432648073605522,0.5214319960506999,0.4270833333333333,0.8723404255319149,0.843264807360552,0.028561292216181755,500.0
PD,Test,0.09329446064139942,0.14325068870523416,0.5094637223974763,0.4627739183846493,0.0771513353115727,1.0,0.5094637223974764,0.015547319315373898,500.0
LMCI,Test,0.7959183673469388,0.75,0.7969897738729657,0.4090890284520562,0.7046979865771812,0.8015267175572519,0.7969897738729657,0.8568517565727234,500.0
EMCI,Test,0.7434402332361516,0.7426900584795322,0.7447370213925604,0.3197384442560644,0.7134831460674157,0.774390243902439,0.507172342621259,0.5031011700630188,500.0
MCI,Test,0.7288629737609329,0.7319884726224783,0.7307705409456329,0.30999140674148223,0.6939890710382514,0.774390243902439,0.7307705409456329,0.17860668897628784,500.0
FTD,Test,0.793002915451895,0.3238095238095238,0.8197368421052631,0.471064139941691,0.2,0.85,0.8197368421052631,0.03453134372830391,500.0
CN_EX,,0.5597667638483965,0.03821656050955414,0.507172342621259,0.15739867375521635,0.75,0.0196078431372549,,,
