,data,accuracy,f1_score,AUC_ROC,AUC_PR,precision_score,recall_score,Balanced_acc,Gender
CN,Test,0.7590361445783133,0.75,0.7603485838779958,0.316194188518781,0.8,0.7058823529411765,0.7603485838779956,['F']
AD,Test,0.8975903614457831,0.6222222222222222,0.7869318181818181,0.5140959093290156,0.6086956521739131,0.6363636363636364,0.7869318181818181,['F']
PD,Test,0.9457831325301205,0.0,0.5,0.47289156626506024,0.0,0.0,0.5,['F']
LMCI,Test,0.8795180722891566,0.8275862068965517,0.8705939159826169,0.5115672323549327,0.8135593220338984,0.8421052631578947,0.870593915982617,['F']
EMCI,Test,0.8614457831325302,0.8456375838926175,0.863031914893617,0.4399644030668127,0.8181818181818182,0.875,0.7959331880900509,['F']
MCI,Test,0.8734939759036144,0.8627450980392157,0.8785460992907801,0.450078090138331,0.8148148148148148,0.9166666666666666,0.8785460992907801,['F']
FTD,Test,0.9156626506024096,0.36363636363636365,0.6935598018400566,0.3369117495623519,0.3076923076923077,0.4444444444444444,0.6935598018400566,['F']
CN_EX,,0.7951807228915663,0.7926829268292683,0.7959331880900509,0.34193811732409907,0.8227848101265823,0.7647058823529411,,
