,data,accuracy,f1_score,AUC_ROC,AUC_PR,precision_score,recall_score,Balanced_acc,treshold,EarlyStopping
CN,Test,0.5539358600583091,0.0,0.5,0.27696793002915454,0.0,0.0,0.5,0.5145441293716431,500.0
AD,Test,0.8017492711370262,0.5466666666666666,0.8314404830362278,0.5069194555976255,0.39805825242718446,0.8723404255319149,0.8314404830362278,0.2743496000766754,500.0
PD,Test,0.4839650145772595,0.22026431718061673,0.7031667071099248,0.46861426217198376,0.12437810945273632,0.9615384615384616,0.7031667071099248,0.13829448819160461,500.0
LMCI,Test,0.7900874635568513,0.7464788732394366,0.7937310960679822,0.40550433186724344,0.6928104575163399,0.8091603053435115,0.7937310960679822,0.47010162472724915,500.0
EMCI,Test,0.7580174927113703,0.6844106463878327,0.7492505790979698,0.35867330777733963,0.9090909090909091,0.5487804878048781,0.5261437908496732,0.4794626832008362,500.0
MCI,Test,0.7842565597667639,0.774390243902439,0.7838431666439569,0.3501919931735761,0.774390243902439,0.774390243902439,0.7838431666439569,0.3772983253002167,500.0
FTD,Test,0.8658892128279884,0.39473684210526316,0.811532507739938,0.45790816326530615,0.26785714285714285,0.75,0.811532507739938,0.12762664258480072,500.0
CN_EX,,0.577259475218659,0.09937888198757763,0.5261437908496732,0.29144991329865283,1.0,0.05228758169934641,,,
