,data,accuracy,f1_score,AUC_ROC,AUC_PR,precision_score,recall_score,Balanced_acc,treshold,EarlyStopping
CN,Validation,0.5510204081632653,0.0,0.5,0.2755102040816326,0.0,0.0,0.5,0.5145441293716431,500.0
AD,Validation,0.8192419825072886,0.5571428571428572,0.8313204508856683,0.5074531464495405,0.4148936170212766,0.8478260869565217,0.8313204508856682,0.2743496000766754,500.0
PD,Validation,0.4577259475218659,0.20512820512820512,0.671317641349187,0.44634447185467596,0.11538461538461539,0.9230769230769231,0.6713176413491871,0.13829448819160461,500.0
LMCI,Validation,0.7959183673469388,0.7482014388489209,0.7967136150234743,0.41024347963123475,0.7027027027027027,0.8,0.7967136150234742,0.47010162472724915,500.0
EMCI,Validation,0.7434402332361516,0.6507936507936508,0.732089297886844,0.355065042491802,0.9213483146067416,0.5030674846625767,0.5097179222566219,0.4794626832008362,500.0
MCI,Validation,0.7551020408163265,0.7423312883435583,0.7544989775051124,0.32833711924734843,0.7423312883435583,0.7423312883435583,0.7544989775051125,0.3772983253002167,500.0
FTD,Validation,0.892128279883382,0.4307692307692308,0.8020123839009288,0.4559928733398121,0.3111111111111111,0.7,0.8020123839009288,0.12762664258480072,500.0
CN_EX,,0.5597667638483965,0.08484848484848485,0.5097179222566219,0.0813063320566322,0.5833333333333334,0.0457516339869281,,,
