,data,accuracy,f1_score,AUC_ROC,AUC_PR,precision_score,recall_score,Balanced_acc,Gender
CN,Test,0.7909604519774012,0.7549668874172185,0.7973027375201288,0.40467225048079514,0.6951219512195121,0.8260869565217391,0.7973027375201288,['M']
AD,Test,0.8926553672316384,0.6274509803921569,0.7973856209150326,0.5166352793471437,0.5925925925925926,0.6666666666666666,0.7973856209150327,['M']
PD,Test,0.9096045197740112,0.0,0.5,0.4548022598870056,0.0,0.0,0.5,['M']
LMCI,Test,0.8757062146892656,0.8428571428571429,0.8646680661243769,0.4699121309290801,0.8939393939393939,0.7972972972972973,0.8646680661243769,['M']
EMCI,Test,0.8361581920903954,0.8342857142857143,0.8379156010230179,0.37039647166410666,0.8795180722891566,0.7934782608695652,0.7814009661835748,['M']
MCI,Test,0.8418079096045198,0.8409090909090909,0.8433503836317136,0.3737235498473524,0.8809523809523809,0.8043478260869565,0.8433503836317136,['M']
FTD,Test,0.9491525423728814,0.5263157894736842,0.7022727272727273,0.517453591606134,0.7142857142857143,0.4166666666666667,0.7022727272727273,['M']
CN_EX,,0.768361581920904,0.7388535031847133,0.7814009661835748,0.3910782474710256,0.6590909090909091,0.8405797101449275,,
