,data,accuracy,f1_score,AUC_ROC,AUC_PR,precision_score,recall_score,Balanced_acc,treshold,EarlyStopping
CN,Validation,0.6938775510204082,0.7341772151898734,0.7168109668109668,0.335749037988855,0.6016597510373444,0.9415584415584416,0.7168109668109668,0.4967701733112335,500.0
AD,Validation,0.8192419825072886,0.5507246376811594,0.8221343873517787,0.49711623779946756,0.41304347826086957,0.8260869565217391,0.8221343873517787,0.2734077572822571,500.0
PD,Validation,0.5889212827988338,0.24598930481283424,0.7246420771657365,0.44230769230769235,0.14285714285714285,0.8846153846153846,0.7246420771657365,0.1070956438779831,500.0
LMCI,Validation,0.8250728862973761,0.7744360902255639,0.8186890574214517,0.43518017096948663,0.7573529411764706,0.7923076923076923,0.8186890574214518,0.4732185900211334,500.0
EMCI,Validation,0.8075801749271136,0.8035714285714286,0.8085548738922972,0.36988150749096105,0.7803468208092486,0.8282208588957055,0.5213450292397661,0.36395424604415894,500.0
MCI,Validation,0.8017492711370262,0.8,0.8032890252215406,0.3654986467618435,0.768361581920904,0.8343558282208589,0.8032890252215406,0.3770040273666382,500.0
FTD,Validation,0.7871720116618076,0.2912621359223301,0.7697368421052632,0.4143410376198672,0.18072289156626506,0.75,0.7697368421052632,0.19714860618114471,500.0
CN_EX,,0.565597667638484,0.18579234972677597,0.5213450292397661,0.09107547781017167,0.5666666666666667,0.1111111111111111,,,
