,data,accuracy,f1_score,AUC_ROC,AUC_PR,precision_score,recall_score,Balanced_acc,treshold,EarlyStopping
CN,Test,0.7084548104956269,0.7422680412371134,0.7311145510835914,0.3440266076035277,0.6127659574468085,0.9411764705882353,0.7311145510835912,0.4967701733112335,500.0
AD,Test,0.8046647230320699,0.5503355704697986,0.8331296722254169,0.5088707215408961,0.4019607843137255,0.8723404255319149,0.8331296722254169,0.2734077572822571,500.0
PD,Test,0.5860058309037901,0.25263157894736843,0.7407182722640137,0.46182289586968533,0.14634146341463414,0.9230769230769231,0.7407182722640135,0.1070956438779831,500.0
LMCI,Test,0.7813411078717201,0.7272727272727273,0.7779058044073167,0.3921669176576483,0.6944444444444444,0.7633587786259542,0.7779058044073168,0.4732185900211334,500.0
EMCI,Test,0.7521865889212828,0.7492625368731564,0.7531169096607168,0.32585401407949943,0.7257142857142858,0.774390243902439,0.5527519779841762,0.36395424604415894,500.0
MCI,Test,0.7521865889212828,0.7477744807121661,0.7528614252622973,0.3255676663930562,0.7283236994219653,0.7682926829268293,0.7528614252622974,0.3770040273666382,500.0
FTD,Test,0.7521865889212828,0.2608695652173913,0.7511609907120743,0.4029269602577873,0.15789473684210525,0.75,0.7511609907120743,0.19714860618114471,500.0
CN_EX,,0.5947521865889213,0.26455026455026454,0.5527519779841762,0.16944634996855884,0.6944444444444444,0.16339869281045752,,,
