,data,accuracy,f1_score,AUC_ROC,AUC_PR,precision_score,recall_score,Balanced_acc,treshold,EarlyStopping
CN,Validation,0.7142857142857143,0.7537688442211056,0.7383357383357383,0.35124134814666763,0.6147540983606558,0.974025974025974,0.7383357383357383,0.36053764820098877,500.0
AD,Validation,0.8513119533527697,0.6165413533834586,0.868211096471966,0.554462200386687,0.47126436781609193,0.8913043478260869,0.868211096471966,0.1588457077741623,500.0
PD,Validation,0.8688046647230321,0.47058823529411764,0.8231011890317884,0.4870515164531076,0.3389830508474576,0.7692307692307693,0.8231011890317884,0.05098897963762283,500.0
LMCI,Validation,0.8163265306122449,0.7725631768953068,0.817641747923438,0.43000299020707183,0.7278911564625851,0.823076923076923,0.817641747923438,0.4300213158130646,500.0
EMCI,Validation,0.7755102040816326,0.771513353115727,0.776550783912747,0.3452225219018672,0.7471264367816092,0.7975460122699386,0.531905744754042,0.5274509191513062,500.0
MCI,Validation,0.7696793002915452,0.7762039660056658,0.7730231765507839,0.3434539303059201,0.7210526315789474,0.8404907975460123,0.773023176550784,0.28813689947128296,500.0
FTD,Validation,0.8221574344023324,0.3711340206185567,0.8586687306501548,0.511489530877286,0.23376623376623376,0.9,0.8586687306501548,0.024662410840392113,500.0
CN_EX,,0.5568513119533528,0.3770491803278688,0.531905744754042,0.11298658657602234,0.5054945054945055,0.3006535947712418,,,
