,data,accuracy,f1_score,AUC_ROC,AUC_PR,precision_score,recall_score,Balanced_acc,treshold,EarlyStopping
CN,Test,0.7084548104956269,0.6,0.687203302373581,0.2993344613250308,0.7731958762886598,0.49019607843137253,0.687203302373581,0.7652748823165894,500.0
AD,Test,0.8892128279883382,0.6545454545454545,0.8373706152961472,0.5477017554742262,0.5714285714285714,0.7659574468085106,0.8373706152961472,0.4089515209197998,500.0
PD,Test,0.08163265306122448,0.14168937329700274,0.5031545741324921,0.46232141788428815,0.07624633431085044,1.0,0.5031545741324921,0.015627657994627953,500.0
LMCI,Test,0.793002915451895,0.7455197132616488,0.7931729799798358,0.40573231856920905,0.7027027027027027,0.7938931297709924,0.7931729799798358,0.855950653553009,500.0
EMCI,Test,0.7521865889212828,0.7683923705722071,0.7566936912385884,0.3325622751804074,0.6945812807881774,0.8597560975609756,0.5032679738562091,0.24572674930095673,500.0
MCI,Test,0.7463556851311953,0.7507163323782235,0.7485522550756234,0.32341514343754263,0.7081081081081081,0.7987804878048781,0.7485522550756234,0.444602370262146,500.0
FTD,Test,0.8163265306122449,0.35051546391752575,0.8321207430340558,0.48145375033130133,0.22077922077922077,0.85,0.8321207430340557,0.03542635962367058,500.0
CN_EX,,0.5568513119533528,0.012987012987012988,0.5032679738562091,0.2787781779378418,1.0,0.006535947712418301,,,
