,data,accuracy,f1_score,AUC_ROC,AUC_PR,precision_score,recall_score,Balanced_acc,treshold,EarlyStopping
CN,Validation,0.6822157434402333,0.5855513307984791,0.6653439153439153,0.2664763152967609,0.7064220183486238,0.5,0.6653439153439153,0.7652748823165894,500.0
AD,Validation,0.8775510204081632,0.6612903225806451,0.8833626116234812,0.581650529299154,0.5256410256410257,0.8913043478260869,0.8833626116234812,0.4089515209197998,500.0
PD,Validation,0.07871720116618076,0.1366120218579235,0.4839238049017229,0.464327764072662,0.07352941176470588,0.9615384615384616,0.4839238049017229,0.015627657994627953,500.0
LMCI,Validation,0.7813411078717201,0.7330960854092526,0.7834777898158178,0.397563303030258,0.6821192052980133,0.7923076923076923,0.783477789815818,0.855950653553009,500.0
EMCI,Validation,0.7551020408163265,0.7679558011049724,0.7597137014314929,0.3353933631023349,0.6984924623115578,0.852760736196319,0.5006363949088407,0.24572674930095673,500.0
MCI,Validation,0.7755102040816326,0.7755102040816326,0.7774199045671438,0.3459330241006715,0.7388888888888889,0.8159509202453987,0.7774199045671438,0.444602370262146,500.0
FTD,Validation,0.8221574344023324,0.3711340206185567,0.8586687306501548,0.511489530877286,0.23376623376623376,0.9,0.8586687306501548,0.03542635962367058,500.0
CN_EX,,0.5539358600583091,0.012903225806451613,0.5006363949088407,0.0287781779378418,0.5,0.006535947712418301,,,
