,data,accuracy,f1_score,AUC_ROC,AUC_PR,precision_score,recall_score,Balanced_acc,treshold,EarlyStopping
CN,Validation,0.6997084548104956,0.739240506329114,0.7227032227032226,0.33961275408476693,0.6058091286307054,0.948051948051948,0.7227032227032226,0.4838661253452301,500.0
AD,Validation,0.8629737609329446,0.6115702479338843,0.8382008490704143,0.52784932606583,0.49333333333333335,0.8043478260869565,0.8382008490704143,0.23230436444282532,500.0
PD,Validation,0.8454810495626822,0.4421052631578947,0.8281363746663433,0.4875069473561044,0.30434782608695654,0.8076923076923077,0.8281363746663432,0.04042539373040199,500.0
LMCI,Validation,0.8192419825072886,0.7651515151515151,0.810996749729144,0.42859251622577843,0.753731343283582,0.7769230769230769,0.8109967497291442,0.5344747304916382,500.0
EMCI,Validation,0.7580174927113703,0.7580174927113703,0.7598841172460804,0.3327704146221737,0.7222222222222222,0.7975460122699386,0.5010491916064672,0.5156149864196777,500.0
MCI,Validation,0.7696793002915452,0.7669616519174042,0.7709952283571915,0.34097748532924443,0.7386363636363636,0.7975460122699386,0.7709952283571915,0.38711118698120117,500.0
FTD,Validation,0.9533527696793003,0.6521739130434783,0.8579721362229102,0.6124411302982732,0.5769230769230769,0.75,0.8579721362229102,0.37286779284477234,500.0
CN_EX,,0.5247813411078717,0.3453815261044177,0.5010491916064671,0.07876692343604108,0.4479166666666667,0.28104575163398693,,,
