,data,accuracy,f1_score,AUC_ROC,AUC_PR,precision_score,recall_score,Balanced_acc,treshold,EarlyStopping
CN,Test,0.7201166180758017,0.75,0.7416408668730651,0.34933194056843514,0.6233766233766234,0.9411764705882353,0.741640866873065,0.4838661253452301,500.0
AD,Test,0.8454810495626822,0.6015037593984962,0.8478292121909142,0.5312678969940984,0.46511627906976744,0.851063829787234,0.8478292121909143,0.23230436444282532,500.0
PD,Test,0.8309037900874635,0.3958333333333333,0.7849429750060665,0.43550123346041714,0.2714285714285714,0.7307692307692307,0.7849429750060665,0.04042539373040199,500.0
LMCI,Test,0.7900874635568513,0.7428571428571429,0.7908144894137981,0.40337425580846176,0.697986577181208,0.7938931297709924,0.7908144894137981,0.5344747304916382,500.0
EMCI,Test,0.7696793002915452,0.7683284457478006,0.7708986237907072,0.33941758655862986,0.7401129943502824,0.7987804878048781,0.6623323013415893,0.5156149864196777,500.0
MCI,Test,0.7755102040816326,0.7755102040816326,0.7769961847663169,0.3440515783523228,0.7430167597765364,0.8109756097560976,0.7769961847663169,0.38711118698120117,500.0
FTD,Test,0.9446064139941691,0.6274509803921569,0.8767801857585139,0.6055863820182451,0.5161290322580645,0.8,0.876780185758514,0.37286779284477234,500.0
CN_EX,,0.685131195335277,0.5609756097560976,0.6623323013415893,0.272842777664061,0.7419354838709677,0.45098039215686275,,,
