,data,accuracy,f1_score,AUC_ROC,AUC_PR,precision_score,recall_score,Balanced_acc,Gender
CN,Test,0.7831325301204819,0.7804878048780488,0.7838779956427016,0.33273869865164296,0.810126582278481,0.7529411764705882,0.7838779956427016,['F']
AD,Test,0.9337349397590361,0.7317073170731707,0.827020202020202,0.6242001498818239,0.7894736842105263,0.6818181818181818,0.827020202020202,['F']
PD,Test,0.9457831325301205,0.0,0.5,0.47289156626506024,0.0,0.0,0.5,['F']
LMCI,Test,0.8795180722891566,0.8275862068965517,0.8705939159826169,0.5115672323549327,0.8135593220338984,0.8421052631578947,0.870593915982617,['F']
EMCI,Test,0.8614457831325302,0.8435374149659864,0.8614066193853428,0.4402744310575636,0.8266666666666667,0.8611111111111112,0.8132897603485838,['F']
MCI,Test,0.8674698795180723,0.8513513513513513,0.8683510638297872,0.4453471781864299,0.8289473684210527,0.875,0.8683510638297872,['F']
FTD,Test,0.9578313253012049,0.5882352941176471,0.7682236376503893,0.5481091030789826,0.625,0.5555555555555556,0.7682236376503893,['F']
CN_EX,,0.8132530120481928,0.8165680473372781,0.8132897603485839,0.35274121696871513,0.8214285714285714,0.8117647058823529,,
