,data,accuracy,f1_score,AUC_ROC,AUC_PR,precision_score,recall_score,Balanced_acc,Gender
CN,Test,0.8012048192771084,0.8135593220338984,0.8000726216412491,0.3419421933257326,0.782608695652174,0.8470588235294118,0.800072621641249,['F']
AD,Test,0.9036144578313253,0.7037037037037037,0.8866792929292929,0.6051992059145674,0.59375,0.8636363636363636,0.8866792929292929,['F']
PD,Test,0.9457831325301205,0.0,0.5,0.47289156626506024,0.0,0.0,0.5,['F']
LMCI,Test,0.8855421686746988,0.831858407079646,0.8709962980846612,0.5186705468490503,0.8392857142857143,0.8245614035087719,0.8709962980846613,['F']
EMCI,Test,0.891566265060241,0.8714285714285714,0.8863770685579195,0.4715381132372628,0.8970588235294118,0.8472222222222222,0.8300653594771241,['F']
MCI,Test,0.8734939759036144,0.8489208633093526,0.8671690307328606,0.4554424164318967,0.8805970149253731,0.8194444444444444,0.8671690307328606,['F']
FTD,Test,0.9698795180722891,0.7058823529411765,0.8269639065817409,0.6631526104417671,0.75,0.6666666666666666,0.8269639065817409,['F']
CN_EX,,0.8313253012048193,0.8426966292134831,0.8300653594771241,0.3624745661964746,0.8064516129032258,0.8823529411764706,,
