,data,accuracy,f1_score,AUC_ROC,AUC_PR,precision_score,recall_score,Balanced_acc
CN,Test,0.7113702623906706,0.6476868327402135,0.7000171998624012,0.2971692397196974,0.7109375,0.5947712418300654,0.7000171998624011
AD,Test,0.8134110787172012,0.5616438356164384,0.8381972397929844,0.5149610364547403,0.41414141414141414,0.8723404255319149,0.8381972397929844
PD,Test,0.8309037900874635,0.3829787234042553,0.7672894928415432,0.41436684563935466,0.2647058823529412,0.6923076923076923,0.7672894928415432
LMCI,Test,0.8367346938775511,0.7543859649122807,0.8023008785827452,0.4552167132690803,0.8865979381443299,0.6564885496183206,0.8023008785827452
EMCI,Test,0.7784256559766763,0.7185185185185186,0.7705920425126038,0.3728124048251869,0.9150943396226415,0.5914634146341463,0.6198486412108704
MCI,Test,0.7288629737609329,0.7423822714681441,0.7325589317345687,0.3142357758469772,0.6802030456852792,0.8170731707317073,0.7325589317345687
FTD,Test,0.924198250728863,0.5517241379310345,0.8659442724458205,0.5580481816786865,0.42105263157894735,0.8,0.8659442724458204
CN_EX,,0.6472303206997084,0.48068669527896996,0.6198486412108705,0.2283418129156424,0.7,0.3660130718954248,
