,data,accuracy,f1_score,AUC_ROC,AUC_PR,precision_score,recall_score,Balanced_acc,treshold,EarlyStopping
CN,Test,0.7084548104956269,0.7368421052631579,0.7285689714482284,0.3387726812982378,0.6167400881057269,0.9150326797385621,0.7285689714482284,0.7652974128723145,500.0
AD,Test,0.7842565597667639,0.5375,0.839203565267395,0.5165169599593341,0.3805309734513274,0.9148936170212766,0.839203565267395,0.020378055050969124,500.0
PD,Test,0.07580174927113703,0.14092140921409213,0.5,0.4620991253644315,0.07580174927113703,1.0,0.5,0.015709511935710907,500.0
LMCI,Test,0.7784256559766763,0.7397260273972602,0.7872137404580153,0.39922096570836385,0.6708074534161491,0.8244274809160306,0.7872137404580153,0.8299890756607056,500.0
EMCI,Test,0.7113702623906706,0.7401574803149606,0.7175875459871917,0.31015642741304683,0.6497695852534562,0.8597560975609756,0.5,0.19867022335529327,500.0
MCI,Test,0.6880466472303207,0.7249357326478149,0.695241177272108,0.2986049681196521,0.6266666666666667,0.8597560975609756,0.6952411772721079,0.08216811716556549,500.0
FTD,Test,0.6209912536443148,0.2261904761904762,0.7753095975232198,0.4823378772358364,0.12837837837837837,0.95,0.7753095975232198,0.02022567391395569,500.0
CN_EX,,0.5539358600583091,0.0,0.5,0.27696793002915454,0.0,0.0,,,
