,data,accuracy,f1_score,AUC_ROC,AUC_PR,precision_score,recall_score,Balanced_acc,treshold,EarlyStopping
CN,Validation,0.6967930029154519,0.7291666666666666,0.7164502164502164,0.3303218520609825,0.6086956521739131,0.9090909090909091,0.7164502164502164,0.7652974128723145,500.0
AD,Validation,0.7725947521865889,0.5125,0.8227565510174205,0.49865457788214995,0.35964912280701755,0.8913043478260869,0.8227565510174206,0.020378055050969124,500.0
PD,Validation,0.07580174927113703,0.1362397820163488,0.48234651783547683,0.4645392461389828,0.07331378299120235,0.9615384615384616,0.48234651783547683,0.015709511935710907,500.0
LMCI,Validation,0.7813411078717201,0.7386759581881533,0.7879739978331528,0.4012486019115422,0.6751592356687898,0.8153846153846154,0.7879739978331528,0.8299890756607056,500.0
EMCI,Validation,0.749271137026239,0.7712765957446809,0.7558963871847307,0.33618127109134505,0.6807511737089202,0.8895705521472392,0.5032679738562091,0.19867022335529327,500.0
MCI,Validation,0.7376093294460642,0.765625,0.7453646898432175,0.3316043871873565,0.665158371040724,0.901840490797546,0.7453646898432175,0.08216811716556549,500.0
FTD,Validation,0.6122448979591837,0.2222222222222222,0.7706656346749226,0.48106259533141543,0.12582781456953643,0.95,0.7706656346749226,0.02022567391395569,500.0
CN_EX,,0.5568513119533528,0.012987012987012988,0.5032679738562091,0.2787781779378418,1.0,0.006535947712418301,,,
