,data,accuracy,f1_score,AUC_ROC,AUC_PR,precision_score,recall_score,Balanced_acc,Gender
CN,Test,0.751412429378531,0.7027027027027027,0.7518115942028986,0.36411760864901166,0.6582278481012658,0.7536231884057971,0.7518115942028986,['M']
AD,Test,0.8531073446327684,0.6285714285714286,0.8799019607843136,0.5675202652910832,0.4782608695652174,0.9166666666666666,0.8799019607843137,['M']
PD,Test,0.9096045197740112,0.0,0.5,0.4548022598870056,0.0,0.0,0.5,['M']
LMCI,Test,0.847457627118644,0.8111888111888111,0.8384938336394647,0.43930039103215224,0.8405797101449275,0.7837837837837838,0.8384938336394647,['M']
EMCI,Test,0.864406779661017,0.8620689655172413,0.8664322250639385,0.39317435639352705,0.9146341463414634,0.8152173913043478,0.769524959742351,['M']
MCI,Test,0.8361581920903954,0.8379888268156425,0.8370204603580563,0.366891765981416,0.8620689655172413,0.8152173913043478,0.8370204603580562,['M']
FTD,Test,0.9661016949152542,0.6666666666666666,0.75,0.6991525423728813,1.0,0.5,0.75,['M']
CN_EX,,0.7570621468926554,0.7261146496815286,0.7695249597423511,0.3809749112346754,0.6477272727272727,0.8260869565217391,,
