,data,accuracy,f1_score,AUC_ROC,AUC_PR,precision_score,recall_score,Balanced_acc
CN,Test,0.7055393586005831,0.6217228464419475,0.6896628826969383,0.29125359416949737,0.7280701754385965,0.5424836601307189,0.6896628826969384
AD,Test,0.8017492711370262,0.5584415584415584,0.8493387004025302,0.5271860526729226,0.40186915887850466,0.9148936170212766,0.8493387004025301
PD,Test,0.717201166180758,0.302158273381295,0.7587357437515166,0.42825338829492704,0.18584070796460178,0.8076923076923077,0.7587357437515166
LMCI,Test,0.8250728862973761,0.7413793103448276,0.7928669163185942,0.43766031845434117,0.8514851485148515,0.6564885496183206,0.7928669163185942
EMCI,Test,0.7900874635568513,0.7313432835820896,0.7820207112685653,0.38801013570799536,0.9423076923076923,0.5975609756097561,0.6083075335397317
MCI,Test,0.749271137026239,0.7597765363128491,0.7526229731571058,0.3278318260024294,0.7010309278350515,0.8292682926829268,0.7526229731571059
FTD,Test,0.9183673469387755,0.5333333333333333,0.8628482972136223,0.5475218658892129,0.4,0.8,0.8628482972136223
CN_EX,,0.6443148688046647,0.4077669902912621,0.6083075335397317,0.2492247572883601,0.7924528301886793,0.27450980392156865,
