,data,accuracy,f1_score,AUC_ROC,AUC_PR,precision_score,recall_score,Balanced_acc,Gender
CN,Test,0.7570621468926554,0.7225806451612903,0.7669082125603865,0.37827115216534424,0.6511627906976745,0.8115942028985508,0.7669082125603865,['M']
AD,Test,0.8870056497175142,0.6551724137931034,0.846813725490196,0.5537761714855434,0.5588235294117647,0.7916666666666666,0.8468137254901961,['M']
PD,Test,0.9096045197740112,0.0,0.5,0.4548022598870056,0.0,0.0,0.5,['M']
LMCI,Test,0.847457627118644,0.8,0.8308842823405931,0.44590589478058223,0.8852459016393442,0.7297297297297297,0.8308842823405931,['M']
EMCI,Test,0.8248587570621468,0.8165680473372781,0.8279411764705882,0.3682496881649424,0.8961038961038961,0.75,0.7747584541062802,['M']
MCI,Test,0.847457627118644,0.8457142857142858,0.84923273657289,0.37903049190128235,0.891566265060241,0.8043478260869565,0.84923273657289,['M']
FTD,Test,0.9661016949152542,0.7272727272727273,0.8272727272727273,0.6768361581920903,0.8,0.6666666666666666,0.8272727272727273,['M']
CN_EX,,0.7570621468926554,0.7329192546583851,0.7747584541062802,0.38660648489314664,0.6413043478260869,0.855072463768116,,
