,data,accuracy,f1_score,AUC_ROC,AUC_PR,precision_score,recall_score,Balanced_acc,treshold,EarlyStopping
CN,Test,0.7142857142857143,0.7461139896373057,0.7363777089783281,0.34665650441660417,0.6180257510729614,0.9411764705882353,0.7363777089783281,0.7630336880683899,500.0
AD,Test,0.793002915451895,0.5359477124183006,0.8263729154686601,0.5012865557991276,0.3867924528301887,0.8723404255319149,0.8263729154686601,0.02263352833688259,500.0
PD,Test,0.07580174927113703,0.14092140921409213,0.5,0.4620991253644315,0.07580174927113703,1.0,0.5,0.015628786757588387,500.0
LMCI,Test,0.8075801749271136,0.7053571428571429,0.7685078496327237,0.420135451373359,0.8494623655913979,0.6030534351145038,0.7685078496327236,0.8549690842628479,500.0
EMCI,Test,0.7055393586005831,0.7306666666666667,0.7109790162147432,0.3035519663882199,0.6492890995260664,0.8353658536585366,0.5,0.2569971978664398,500.0
MCI,Test,0.7463556851311953,0.7535410764872521,0.7490632238724622,0.3243950503159065,0.7037037037037037,0.8109756097560976,0.7490632238724622,0.17754900455474854,500.0
FTD,Test,0.760932944606414,0.3050847457627119,0.8261609907120743,0.48644314868804667,0.1836734693877551,0.9,0.8261609907120744,0.03084750473499298,500.0
CN_EX,,0.5539358600583091,0.0,0.5,0.27696793002915454,0.0,0.0,,,
