,data,accuracy,f1_score,AUC_ROC,AUC_PR,precision_score,recall_score,Balanced_acc,treshold,EarlyStopping
CN,Validation,0.6909620991253644,0.7295918367346939,0.712962962962963,0.331761275938947,0.6008403361344538,0.9285714285714286,0.712962962962963,0.7630336880683899,500.0
AD,Validation,0.8017492711370262,0.5342465753424658,0.8212194407846581,0.4950063379389023,0.39,0.8478260869565217,0.8212194407846583,0.02263352833688259,500.0
PD,Validation,0.0728862973760933,0.1358695652173913,0.4807692307692308,0.46474949146807365,0.07309941520467836,0.9615384615384616,0.4807692307692308,0.015628786757588387,500.0
LMCI,Validation,0.7959183673469388,0.6634615384615384,0.7442578548212351,0.4176048441354563,0.8846153846153846,0.5307692307692308,0.7442578548212351,0.8549690842628479,500.0
EMCI,Validation,0.760932944606414,0.7722222222222223,0.7652692569870484,0.33893901011914485,0.7055837563451777,0.852760736196319,0.5032679738562091,0.2569971978664398,500.0
MCI,Validation,0.760932944606414,0.7616279069767442,0.7629516019086572,0.3351475152647915,0.7237569060773481,0.803680981595092,0.7629516019086571,0.17754900455474854,500.0
FTD,Validation,0.7755102040816326,0.3063063063063063,0.8104489164086688,0.46447073334828437,0.18681318681318682,0.85,0.8104489164086688,0.03084750473499298,500.0
CN_EX,,0.5568513119533528,0.012987012987012988,0.5032679738562091,0.2787781779378418,1.0,0.006535947712418301,,,
