,data,accuracy,f1_score,AUC_ROC,AUC_PR,precision_score,recall_score,Balanced_acc,treshold,EarlyStopping
CN,Validation,0.7696793002915452,0.7811634349030471,0.7831890331890332,0.36834276341818495,0.6811594202898551,0.9155844155844156,0.7831890331890332,0.6211572289466858,500.0
AD,Validation,0.7784256559766763,0.5189873417721519,0.8261235543844239,0.5018657307643554,0.36607142857142855,0.8913043478260869,0.8261235543844239,0.08831285685300827,500.0
PD,Validation,0.9212827988338192,0.5714285714285714,0.816185391895171,0.5252571477061273,0.4864864864864865,0.6923076923076923,0.8161853918951711,0.08864372223615646,500.0
LMCI,Validation,0.8017492711370262,0.7687074829931972,0.8148970747562297,0.42490017448952233,0.6890243902439024,0.8692307692307693,0.8148970747562296,0.4869197607040405,500.0
EMCI,Validation,0.7842565597667639,0.7848837209302325,0.7863326516700749,0.3526362738819168,0.7458563535911602,0.8282208588957055,0.5369109047127623,0.5628341436386108,500.0
MCI,Validation,0.7959183673469388,0.7953216374269005,0.7977334696659849,0.3612061239578161,0.7597765363128491,0.8343558282208589,0.797733469665985,0.466077595949173,500.0
FTD,Validation,0.9620991253644315,0.6976744186046512,0.8626160990712075,0.6500665483584739,0.6521739130434783,0.75,0.8626160990712075,0.3941173553466797,500.0
CN_EX,,0.5539358600583091,0.4312267657992565,0.5369109047127623,0.131962308733017,0.5,0.3790849673202614,,,
