,data,accuracy,f1_score,AUC_ROC,AUC_PR,precision_score,recall_score,Balanced_acc,treshold,EarlyStopping
CN,Test,0.7346938775510204,0.7506849315068493,0.7503439972480219,0.34808510106648227,0.6462264150943396,0.8954248366013072,0.750343997248022,0.6211572289466858,500.0
AD,Test,0.7988338192419825,0.5490196078431373,0.8387004025301897,0.5151841088560216,0.39622641509433965,0.8936170212765957,0.8387004025301897,0.08831285685300827,500.0
PD,Test,0.9067055393586005,0.42857142857142855,0.7023780635768018,0.3753756447633999,0.4,0.46153846153846156,0.7023780635768018,0.08864372223615646,500.0
LMCI,Test,0.7813411078717201,0.740484429065744,0.7881139276969611,0.4000657659913903,0.6772151898734177,0.816793893129771,0.788113927696961,0.4869197607040405,500.0
EMCI,Test,0.7638483965014577,0.7610619469026548,0.7648010628150973,0.33475040887435115,0.7371428571428571,0.7865853658536586,0.6907636738906089,0.5628341436386108,500.0
MCI,Test,0.7580174927113703,0.7492447129909365,0.7579370486442294,0.32948119263144765,0.7425149700598802,0.7560975609756098,0.7579370486442294,0.466077595949173,500.0
FTD,Test,0.9708454810495627,0.7619047619047619,0.8907120743034056,0.7111582295255766,0.7272727272727273,0.8,0.8907120743034056,0.3941173553466797,500.0
CN_EX,,0.6997084548104956,0.643598615916955,0.6907636738906089,0.2872327502429543,0.6838235294117647,0.6078431372549019,,,
