,data,accuracy,f1_score,AUC_ROC,AUC_PR,precision_score,recall_score,Balanced_acc,treshold,EarlyStopping
CN,Validation,0.685131195335277,0.7365853658536585,0.7124819624819625,0.34057520126557117,0.58984375,0.9805194805194806,0.7124819624819625,0.45276397466659546,500.0
AD,Validation,0.7696793002915452,0.5093167701863354,0.8210730493339189,0.49709088604385854,0.3565217391304348,0.8913043478260869,0.8210730493339189,0.22965967655181885,500.0
PD,Validation,0.6647230320699709,0.27672955974842767,0.7479980587236108,0.43581284451316676,0.16541353383458646,0.8461538461538461,0.7479980587236108,0.1598426103591919,500.0
LMCI,Validation,0.8279883381924198,0.7704280155642024,0.8150415312387143,0.43671376831428244,0.7795275590551181,0.7615384615384615,0.8150415312387143,0.33551234006881714,500.0
EMCI,Validation,0.7638483965014577,0.6943396226415094,0.7544308111792773,0.36146886449584215,0.9019607843137255,0.5644171779141104,0.5327141382868936,0.48214757442474365,500.0
MCI,Validation,0.793002915451895,0.754325259515571,0.7871336059986368,0.370394053034594,0.8650793650793651,0.6687116564417178,0.7871336059986367,0.28226935863494873,500.0
FTD,Validation,0.6355685131195336,0.20382165605095542,0.7126934984520124,0.4059160264731545,0.11678832116788321,0.8,0.7126934984520124,0.1402074098587036,500.0
CN_EX,,0.5626822157434402,0.34210526315789475,0.5327141382868936,0.1075675984679586,0.52,0.2549019607843137,,,
