,data,accuracy,f1_score,AUC_ROC,AUC_PR,precision_score,recall_score,Balanced_acc,treshold,EarlyStopping
CN,Test,0.6647230320699709,0.7201946472019465,0.694186446508428,0.3317063259412292,0.5736434108527132,0.9673202614379085,0.694186446508428,0.45276397466659546,500.0
AD,Test,0.7638483965014577,0.5149700598802395,0.8273792409430708,0.505418139900337,0.35833333333333334,0.9148936170212766,0.8273792409430707,0.22965967655181885,500.0
PD,Test,0.6705539358600583,0.26143790849673204,0.7158456685270566,0.3963001485096938,0.15748031496062992,0.7692307692307693,0.7158456685270566,0.1598426103591919,500.0
LMCI,Test,0.793002915451895,0.7340823970037453,0.7844231600172836,0.4005206771912691,0.7205882352941176,0.7480916030534351,0.7844231600172836,0.33551234006881714,500.0
EMCI,Test,0.760932944606414,0.6893939393939394,0.7522993595857747,0.36071890777216814,0.91,0.5548780487804879,0.6140350877192983,0.48214757442474365,500.0
MCI,Test,0.7813411078717201,0.7540983606557377,0.7779840577735386,0.3517056351786767,0.8156028368794326,0.7012195121951219,0.7779840577735386,0.28226935863494873,500.0
FTD,Test,0.6297376093294461,0.1910828025477707,0.6861455108359134,0.37872411738418,0.10948905109489052,0.75,0.6861455108359134,0.1402074098587036,500.0
CN_EX,,0.6443148688046647,0.45535714285714285,0.6140350877192982,0.2284455029496708,0.7183098591549296,0.3333333333333333,,,
