,data,accuracy,f1_score,AUC_ROC,AUC_PR,precision_score,recall_score,Balanced_acc,Gender
CN,Test,0.711864406779661,0.6792452830188679,0.7246376811594204,0.3438467207074428,0.6,0.782608695652174,0.7246376811594203,['M']
AD,Test,0.8700564971751412,0.5660377358490566,0.766748366013072,0.4609511981297487,0.5172413793103449,0.625,0.7667483660130718,['M']
PD,Test,0.9096045197740112,0.0,0.5,0.4548022598870056,0.0,0.0,0.5,['M']
LMCI,Test,0.847457627118644,0.8085106382978723,0.8365914458147468,0.4404517722883521,0.8507462686567164,0.7702702702702703,0.8365914458147468,['M']
EMCI,Test,0.8418079096045198,0.8333333333333334,0.8451406649616369,0.38333397975410155,0.9210526315789473,0.7608695652173914,0.7747584541062802,['M']
MCI,Test,0.8248587570621468,0.8208092485549133,0.8270460358056266,0.363689192754533,0.8765432098765432,0.7717391304347826,0.8270460358056266,['M']
FTD,Test,0.9548022598870056,0.6,0.743939393939394,0.5741525423728813,0.75,0.5,0.7439393939393939,['M']
CN_EX,,0.7570621468926554,0.7329192546583851,0.7747584541062802,0.38660648489314664,0.6413043478260869,0.855072463768116,,
