,data,accuracy,f1_score,AUC_ROC,AUC_PR,precision_score,recall_score,Balanced_acc,treshold,EarlyStopping
CN,Validation,0.7026239067055393,0.7315789473684211,0.7211399711399713,0.3317071225685999,0.6150442477876106,0.9025974025974026,0.7211399711399711,0.557120144367218,500.0
AD,Validation,0.8075801749271136,0.56,0.8521446347533305,0.5301649326715875,0.40384615384615385,0.9130434782608695,0.8521446347533304,0.048060137778520584,500.0
PD,Validation,0.7988338192419825,0.3783783783783784,0.8028997816064063,0.45886244607733206,0.24705882352941178,0.8076923076923077,0.8028997816064063,0.026960941031575203,500.0
LMCI,Validation,0.8104956268221575,0.7619047619047619,0.8084507042253521,0.42252849191624703,0.7272727272727273,0.8,0.8084507042253521,0.5447759628295898,500.0
EMCI,Validation,0.7725947521865889,0.7705882352941177,0.7740627130197681,0.34332555940125864,0.7401129943502824,0.803680981595092,0.5045751633986928,0.5377772450447083,500.0
MCI,Validation,0.760932944606414,0.7696629213483146,0.7646898432174506,0.33784989430919243,0.7098445595854922,0.8404907975460123,0.7646898432174506,0.368169367313385,500.0
FTD,Validation,0.8192419825072886,0.3541666666666667,0.8336687306501548,0.4829062452048488,0.2236842105263158,0.85,0.8336687306501548,0.029047273099422455,500.0
CN_EX,,0.5364431486880467,0.28699551569506726,0.5045751633986928,0.06346729167857618,0.45714285714285713,0.20915032679738563,,,
