,data,accuracy,f1_score,AUC_ROC,AUC_PR,precision_score,recall_score,Balanced_acc,treshold,EarlyStopping
CN,Test,0.7142857142857143,0.7393617021276596,0.7331957344341244,0.3402515821617992,0.6233183856502242,0.9084967320261438,0.7331957344341244,0.557120144367218,500.0
AD,Test,0.793002915451895,0.5419354838709678,0.8353220241518113,0.5115153457532963,0.3888888888888889,0.8936170212765957,0.8353220241518113,0.048060137778520584,500.0
PD,Test,0.7842565597667639,0.3392857142857143,0.7597063819461296,0.4102520640252012,0.22093023255813954,0.7307692307692307,0.7597063819461296,0.026960941031575203,500.0
LMCI,Test,0.8279883381924198,0.7806691449814126,0.8229331700993806,0.4371748177721613,0.7608695652173914,0.8015267175572519,0.8229331700993807,0.5447759628295898,500.0
EMCI,Test,0.760932944606414,0.757396449704142,0.7617522823272924,0.33240401771666256,0.735632183908046,0.7804878048780488,0.6199346405228758,0.5377772450447083,500.0
MCI,Test,0.7405247813411079,0.7507002801120448,0.7437321160921105,0.3212845120716951,0.694300518134715,0.8170731707317073,0.7437321160921107,0.368169367313385,500.0
FTD,Test,0.8542274052478134,0.4186046511627907,0.8756965944272446,0.5309700503578054,0.2727272727272727,0.9,0.8756965944272446,0.029047273099422455,500.0
CN_EX,,0.6501457725947521,0.4642857142857143,0.619934640522876,0.2372980043794849,0.7323943661971831,0.33986928104575165,,,
