,data,accuracy,f1_score,AUC_ROC,AUC_PR,precision_score,recall_score,Balanced_acc,treshold,EarlyStopping
CN,Validation,0.6384839650145773,0.39215686274509803,0.6034151034151035,0.2470712960508879,0.8,0.2597402597402597,0.6034151034151034,0.7647520303726196,500.0
AD,Validation,0.7813411078717201,0.5033112582781457,0.8002488654662568,0.4715468796214138,0.3619047619047619,0.8260869565217391,0.8002488654662567,0.021792365238070488,500.0
PD,Validation,0.07580174927113703,0.1362397820163488,0.48234651783547683,0.4645392461389828,0.07331378299120235,0.9615384615384616,0.48234651783547683,0.015591229312121868,500.0
LMCI,Validation,0.8075801749271136,0.7659574468085106,0.8120982304080896,0.42370899776914817,0.7105263157894737,0.8307692307692308,0.8120982304080896,0.8489528894424438,500.0
EMCI,Validation,0.7784256559766763,0.7877094972067039,0.7825153374233128,0.35090511091512716,0.7230769230769231,0.8650306748466258,0.49473684210526314,0.40404999256134033,500.0
MCI,Validation,0.7959183673469388,0.7953216374269005,0.7977334696659849,0.3612061239578161,0.7597765363128491,0.8343558282208589,0.797733469665985,0.6348313093185425,500.0
FTD,Validation,0.7084548104956269,0.2647058823529412,0.798297213622291,0.47219262089072084,0.15517241379310345,0.9,0.798297213622291,0.030674288049340248,500.0
CN_EX,,0.5481049562682215,0.0,0.49473684210526314,,0.0,0.0,,,
