,data,accuracy,f1_score,AUC_ROC,AUC_PR,precision_score,recall_score,Balanced_acc,treshold,EarlyStopping
CN,Test,0.6501457725947521,0.3939393939393939,0.6116615067079463,0.28090093180129194,0.8666666666666667,0.2549019607843137,0.6116615067079463,0.7647520303726196,500.0
AD,Test,0.8075801749271136,0.5657894736842105,0.8527170787809085,0.5310133779955751,0.4095238095238095,0.9148936170212766,0.8527170787809086,0.021792365238070488,500.0
PD,Test,0.0728862973760933,0.1358695652173913,0.4807692307692308,0.46474949146807365,0.07309941520467836,0.9615384615384616,0.4807692307692308,0.015591229312121868,500.0
LMCI,Test,0.7755102040816326,0.7298245614035088,0.7790220365836094,0.39204330488019534,0.6753246753246753,0.7938931297709924,0.7790220365836094,0.8489528894424438,500.0
EMCI,Test,0.7405247813411079,0.7548209366391184,0.7444985692873689,0.32312852215282484,0.6884422110552764,0.8353658536585366,0.49736842105263157,0.40404999256134033,500.0
MCI,Test,0.7463556851311953,0.7492795389048992,0.7482967706772041,0.3229612916738067,0.7103825136612022,0.7926829268292683,0.748296770677204,0.6348313093185425,500.0
FTD,Test,0.7434402332361516,0.2903225806451613,0.8168730650154798,0.48114487553263063,0.17307692307692307,0.9,0.8168730650154798,0.030674288049340248,500.0
CN_EX,,0.5510204081632653,0.0,0.49736842105263157,,0.0,0.0,,,
