,data,accuracy,f1_score,AUC_ROC,AUC_PR,precision_score,recall_score,Balanced_acc,Gender
CN,Test,0.7344632768361582,0.6758620689655173,0.730072463768116,0.3441075514874142,0.6447368421052632,0.7101449275362319,0.730072463768116,['M']
AD,Test,0.8813559322033898,0.5116279069767442,0.7030228758169934,0.4197702943800179,0.5789473684210527,0.4583333333333333,0.7030228758169934,['M']
PD,Test,0.9096045197740112,0.0,0.5,0.4548022598870056,0.0,0.0,0.5,['M']
LMCI,Test,0.8587570621468926,0.8226950354609929,0.8482025715035424,0.4518463568552109,0.8656716417910447,0.7837837837837838,0.8482025715035424,['M']
EMCI,Test,0.8361581920903954,0.8379888268156425,0.8370204603580563,0.366891765981416,0.8620689655172413,0.8152173913043478,0.7979066022544283,['M']
MCI,Test,0.8305084745762712,0.8295454545454546,0.8320332480818414,0.3651612450433379,0.8690476190476191,0.7934782608695652,0.8320332480818414,['M']
FTD,Test,0.9322033898305084,0.4,0.6545454545454545,0.3714689265536723,0.5,0.3333333333333333,0.6545454545454545,['M']
CN_EX,,0.7853107344632768,0.7564102564102564,0.7979066022544283,0.4050347707502181,0.6781609195402298,0.855072463768116,,
