,data,accuracy,f1_score,AUC_ROC,AUC_PR,precision_score,recall_score,Balanced_acc
CN,Test,0.7026239067055393,0.6076923076923076,0.684485724114207,0.28913639332012286,0.7383177570093458,0.5163398692810458,0.684485724114207
AD,Test,0.8046647230320699,0.5503355704697986,0.8331296722254169,0.5088707215408961,0.4019607843137255,0.8723404255319149,0.8331296722254169
PD,Test,0.8017492711370262,0.34615384615384615,0.7515166221790828,0.3973985198474994,0.23076923076923078,0.6923076923076923,0.7515166221790828
LMCI,Test,0.8279883381924198,0.7467811158798283,0.796683710211724,0.44074740037781734,0.8529411764705882,0.6641221374045801,0.796683710211724
EMCI,Test,0.7725947521865889,0.7132352941176471,0.7650054503338329,0.3643393090879402,0.8981481481481481,0.5914634146341463,0.6414516683866529
MCI,Test,0.7521865889212828,0.7605633802816901,0.7551607848480719,0.3291284489058772,0.7068062827225131,0.823170731707317,0.7551607848480719
FTD,Test,0.9416909620991254,0.6153846153846154,0.8752321981424149,0.5975218658892129,0.5,0.8,0.8752321981424149
CN_EX,,0.6676384839650146,0.5169491525423728,0.6414516683866529,0.25486293197715115,0.7349397590361446,0.39869281045751637,
