,data,accuracy,f1_score,AUC_ROC,AUC_PR,precision_score,recall_score,Balanced_acc
CN,Test,0.7084548104956269,0.6183206106870229,0.6910216718266253,0.29515764366034747,0.7431192660550459,0.5294117647058824,0.6910216718266253
AD,Test,0.8309037900874635,0.5972222222222222,0.866230592294422,0.5479009577697529,0.44329896907216493,0.9148936170212766,0.866230592294422
PD,Test,0.8075801749271136,0.36538461538461536,0.7723246784760981,0.4215818195410032,0.24358974358974358,0.7307692307692307,0.772324678476098
LMCI,Test,0.8309037900874635,0.7433628318584071,0.7946672907964857,0.4493048714635943,0.8842105263157894,0.6412213740458015,0.7946672907964856
EMCI,Test,0.7755102040816326,0.7116104868913857,0.7672877776263796,0.3732481744769895,0.9223300970873787,0.5792682926829268,0.6369969040247678
MCI,Test,0.7434402332361516,0.7634408602150538,0.7485692873688513,0.32820884317275556,0.6826923076923077,0.8658536585365854,0.7485692873688513
FTD,Test,0.924198250728863,0.5517241379310345,0.8659442724458205,0.5580481816786865,0.42105263157894735,0.8,0.8659442724458204
CN_EX,,0.6676384839650146,0.4864864864864865,0.6369969040247678,0.26602566492435487,0.782608695652174,0.35294117647058826,
