,data,accuracy,f1_score,AUC_ROC,AUC_PR,precision_score,recall_score,Balanced_acc,treshold,EarlyStopping
CN,Test,0.6938775510204082,0.7381546134663342,0.7205022359821122,0.3432717172890662,0.5967741935483871,0.9673202614379085,0.7205022359821122,0.36053764820098877,500.0
AD,Test,0.8454810495626822,0.6074074074074074,0.8567783208740656,0.5408448748385787,0.4659090909090909,0.8723404255319149,0.8567783208740656,0.1588457077741623,500.0
PD,Test,0.8600583090379009,0.38461538461538464,0.7301019170104345,0.37292554384391113,0.28846153846153844,0.5769230769230769,0.7301019170104344,0.05098897963762283,500.0
LMCI,Test,0.7667638483965015,0.7241379310344828,0.7734048682125881,0.3869287144087486,0.660377358490566,0.8015267175572519,0.7734048682125882,0.4300213158130646,500.0
EMCI,Test,0.7521865889212828,0.7592067988668555,0.7549053004496524,0.32863160750169207,0.708994708994709,0.8170731707317073,0.6454420364637083,0.5274509191513062,500.0
MCI,Test,0.7521865889212828,0.7721179624664879,0.7574601444338465,0.33454240606267016,0.6889952153110048,0.8780487804878049,0.7574601444338466,0.28813689947128296,500.0
FTD,Test,0.793002915451895,0.3364485981308411,0.843188854489164,0.49805468985623813,0.20689655172413793,0.9,0.8431888544891641,0.024662410840392113,500.0
CN_EX,,0.673469387755102,0.5130434782608696,0.6454420364637083,0.2668894397585874,0.7662337662337663,0.38562091503267976,,,
