,data,accuracy,f1_score,AUC_ROC,AUC_PR,precision_score,recall_score,Balanced_acc,treshold,EarlyStopping
CN,Test,0.6705539358600583,0.4744186046511628,0.637719298245614,0.2805808959528512,0.8225806451612904,0.3333333333333333,0.637719298245614,0.7662522792816162,500.0
AD,Test,0.8309037900874635,0.5671641791044776,0.8214850488786658,0.49873941820727874,0.4367816091954023,0.8085106382978723,0.8214850488786658,0.06806950271129608,500.0
PD,Test,0.10204081632653061,0.14444444444444443,0.5141955835962145,0.4631204064174857,0.07784431137724551,1.0,0.5141955835962145,0.015543408691883087,500.0
LMCI,Test,0.7959183673469388,0.7463768115942029,0.7940731672187815,0.40719431306535325,0.7103448275862069,0.7862595419847328,0.7940731672187815,0.8557820320129395,500.0
EMCI,Test,0.7871720116618076,0.7667731629392971,0.7848480719444065,0.3545440531987647,0.8053691275167785,0.7317073170731707,0.5196078431372549,0.6642534136772156,500.0
MCI,Test,0.7230320699708455,0.7411444141689373,0.7274833083526366,0.3122917315430317,0.6699507389162561,0.8292682926829268,0.7274833083526366,0.08554486185312271,500.0
FTD,Test,0.8163265306122449,0.35051546391752575,0.8321207430340558,0.48145375033130133,0.22077922077922077,0.85,0.8321207430340557,0.0337429977953434,500.0
CN_EX,,0.5714285714285714,0.07547169811320754,0.5196078431372549,0.28782941748127827,1.0,0.0392156862745098,,,
