,data,accuracy,f1_score,AUC_ROC,AUC_PR,precision_score,recall_score,Balanced_acc,treshold,EarlyStopping
CN,Validation,0.6239067055393586,0.416289592760181,0.5937950937950938,0.2010890419358284,0.6865671641791045,0.2987012987012987,0.5937950937950938,0.7662522792816162,500.0
AD,Validation,0.8571428571428571,0.608,0.8440199092373006,0.531100827782957,0.4810126582278481,0.8260869565217391,0.8440199092373005,0.06806950271129608,500.0
PD,Validation,0.10787172011661808,0.1404494382022472,0.49969667556418346,0.46214244938734733,0.07575757575757576,0.9615384615384616,0.49969667556418346,0.015543408691883087,500.0
LMCI,Validation,0.8163265306122449,0.7657992565055762,0.811646803900325,0.4270072975035535,0.7410071942446043,0.7923076923076923,0.8116468039003251,0.8557820320129395,500.0
EMCI,Validation,0.7813411078717201,0.7491638795986622,0.7768916155419223,0.3544483525224288,0.8235294117647058,0.6871165644171779,0.5019091847265221,0.6642534136772156,500.0
MCI,Validation,0.7376093294460642,0.7527472527472527,0.7424676209952283,0.3237236344169439,0.681592039800995,0.8404907975460123,0.7424676209952283,0.08554486185312271,500.0
FTD,Validation,0.793002915451895,0.3364485981308411,0.843188854489164,0.49805468985623813,0.20689655172413793,0.9,0.8431888544891641,0.0337429977953434,500.0
CN_EX,,0.5539358600583091,0.03773584905660377,0.5019091847265221,0.032398673755216365,0.5,0.0196078431372549,,,
