,data,accuracy,f1_score,AUC_ROC,AUC_PR,precision_score,recall_score,Balanced_acc,treshold,EarlyStopping
CN,Validation,0.7113702623906706,0.7302452316076294,0.7260702260702261,0.3297938527889663,0.6291079812206573,0.8701298701298701,0.7260702260702261,0.6701576709747314,500.0
AD,Validation,0.7842565597667639,0.5316455696202531,0.838676621285317,0.5157418557485106,0.375,0.9130434782608695,0.838676621285317,0.04097573086619377,500.0
PD,Validation,0.8017492711370262,0.39285714285714285,0.8221305508371756,0.4810130543400596,0.2558139534883721,0.8461538461538461,0.8221305508371755,0.05205681174993515,500.0
LMCI,Validation,0.8017492711370262,0.7622377622377622,0.8089021307331167,0.4201932421320176,0.6987179487179487,0.8384615384615385,0.8089021307331167,0.4344470500946045,500.0
EMCI,Validation,0.7813411078717201,0.7774480712166172,0.7823960463531016,0.3497058438353129,0.7528735632183908,0.803680981595092,0.4743550051599587,0.4976823925971985,500.0
MCI,Validation,0.7959183673469388,0.7904191616766467,0.7965746421267894,0.360843733221874,0.7719298245614035,0.8098159509202454,0.7965746421267894,0.4225345849990845,500.0
FTD,Validation,0.8279883381924198,0.3655913978494624,0.838312693498452,0.48750249610607455,0.2328767123287671,0.85,0.8383126934984519,0.02367997355759144,500.0
CN_EX,,0.5043731778425656,0.2608695652173913,0.4743550051599587,,0.38961038961038963,0.19607843137254902,,,
