,data,accuracy,f1_score,AUC_ROC,AUC_PR,precision_score,recall_score,Balanced_acc
CN,Test,0.7201166180758017,0.6546762589928058,0.7079119367045064,0.30570048971969743,0.728,0.5947712418300654,0.7079119367045064
AD,Test,0.8309037900874635,0.5915492957746479,0.8572814836112709,0.5381235328877991,0.4421052631578947,0.8936170212765957,0.8572814836112708
PD,Test,0.7667638483965015,0.3333333333333333,0.7678961417131763,0.423942969752783,0.2127659574468085,0.7692307692307693,0.7678961417131764
LMCI,Test,0.8338192419825073,0.7510917030567685,0.7999423880167075,0.450693254400997,0.8775510204081632,0.6564885496183206,0.7999423880167075
EMCI,Test,0.7784256559766763,0.7246376811594203,0.7713584957078621,0.3664669700632867,0.8928571428571429,0.6097560975609756,0.6173030615755074
MCI,Test,0.7521865889212828,0.7578347578347578,0.7546498160512332,0.32815817172608674,0.7112299465240641,0.8109756097560976,0.7546498160512332
FTD,Test,0.9067055393586005,0.5151515151515151,0.8801083591331269,0.5558467486373431,0.3695652173913043,0.85,0.8801083591331269
CN_EX,,0.6472303206997084,0.4622222222222222,0.6173030615755074,0.2322119323920044,0.7222222222222222,0.33986928104575165,
