,data,accuracy,f1_score,AUC_ROC,AUC_PR,precision_score,recall_score,Balanced_acc,treshold,EarlyStopping
CN,Test,0.7230320699708455,0.7506561679790026,0.7436360509115927,0.34942987219950633,0.6271929824561403,0.934640522875817,0.7436360509115927,0.7632154822349548,500.0
AD,Test,0.7638483965014577,0.5149700598802395,0.8273792409430708,0.505418139900337,0.35833333333333334,0.9148936170212766,0.8273792409430707,0.020510872825980186,500.0
PD,Test,0.10204081632653061,0.14444444444444443,0.5141955835962145,0.4631204064174857,0.07784431137724551,1.0,0.5141955835962145,0.01575295254588127,500.0
LMCI,Test,0.717201166180758,0.6900958466453674,0.7376854385712228,0.360520535703586,0.5934065934065934,0.8244274809160306,0.7376854385712228,0.7195544838905334,500.0
EMCI,Test,0.7346938775510204,0.7436619718309859,0.7376345551165009,0.3165018821436669,0.6910994764397905,0.8048780487804879,0.5202442380460957,0.3078818619251251,500.0
MCI,Test,0.673469387755102,0.7294685990338164,0.6838295408093746,0.3031821801891489,0.604,0.9207317073170732,0.6838295408093746,0.06911110132932663,500.0
FTD,Test,0.6793002915451894,0.25675675675675674,0.8062693498452012,0.49236743804664723,0.1484375,0.95,0.8062693498452012,0.023842744529247284,500.0
CN_EX,,0.5714285714285714,0.08695652173913043,0.5202442380460957,0.2271396653899655,0.875,0.0457516339869281,,,
