,data,accuracy,f1_score,AUC_ROC,AUC_PR,precision_score,recall_score,Balanced_acc,treshold,EarlyStopping
CN,Validation,0.6880466472303207,0.7291139240506329,0.710918710918711,0.3318853218929432,0.5975103734439834,0.935064935064935,0.710918710918711,0.7632154822349548,500.0
AD,Validation,0.7667638483965015,0.5061728395061729,0.819389547650417,0.4955541544096756,0.35344827586206895,0.8913043478260869,0.8193895476504172,0.020510872825980186,500.0
PD,Validation,0.10204081632653061,0.13966480446927373,0.49654210143169136,0.4625900439614479,0.07530120481927711,0.9615384615384616,0.49654210143169136,0.01575295254588127,500.0
LMCI,Validation,0.7463556851311953,0.7128712871287128,0.7628024557602023,0.3805845681981107,0.6242774566473989,0.8307692307692308,0.7628024557602022,0.7195544838905334,500.0
EMCI,Validation,0.7463556851311953,0.7535410764872521,0.749642126789366,0.326488579656227,0.7,0.8159509202453987,0.4933780529755762,0.3078818619251251,500.0
MCI,Validation,0.7026239067055393,0.745,0.7126107702794819,0.3165907106582857,0.6286919831223629,0.9141104294478528,0.7126107702794819,0.06911110132932663,500.0
FTD,Validation,0.6880466472303207,0.24113475177304963,0.7640092879256967,0.4413120738259885,0.14049586776859505,0.85,0.7640092879256966,0.023842744529247284,500.0
CN_EX,,0.5451895043731778,0.025,0.4933780529755762,,0.2857142857142857,0.013071895424836602,,,
