,data,accuracy,f1_score,AUC_ROC,AUC_PR,precision_score,recall_score,Balanced_acc,treshold,EarlyStopping
CN,Validation,0.6443148688046647,0.7122641509433962,0.6754449254449255,0.3252829558952008,0.5592592592592592,0.9805194805194806,0.6754449254449255,0.3523649275302887,500.0
AD,Validation,0.8017492711370262,0.5405405405405406,0.8304055043185478,0.5054966085813207,0.39215686274509803,0.8695652173913043,0.8304055043185478,0.021337738260626793,500.0
PD,Validation,0.08163265306122448,0.136986301369863,0.485501091967969,0.46411503432453405,0.07374631268436578,0.9615384615384616,0.485501091967969,0.015833459794521332,500.0
LMCI,Validation,0.7784256559766763,0.75,0.7976164680390032,0.4103626141627549,0.6551724137931034,0.8769230769230769,0.7976164680390032,0.6299028396606445,500.0
EMCI,Validation,0.7842565597667639,0.7897727272727273,0.7874914792092705,0.35387199967142374,0.7354497354497355,0.852760736196319,0.4980048159614723,0.2531203627586365,500.0
MCI,Validation,0.7813411078717201,0.7838616714697406,0.7838445807770962,0.35088307319269585,0.7391304347826086,0.8343558282208589,0.7838445807770961,0.10848552733659744,500.0
FTD,Validation,0.8017492711370262,0.3333333333333333,0.8243808049535604,0.4747226765270568,0.2073170731707317,0.85,0.8243808049535604,0.03935794159770012,500.0
CN_EX,,0.5510204081632653,0.01282051282051282,0.4980048159614723,,0.3333333333333333,0.006535947712418301,,,
