,data,accuracy,f1_score,AUC_ROC,AUC_PR,precision_score,recall_score,Balanced_acc,treshold,EarlyStopping
CN,Test,0.6559766763848397,0.7163461538461539,0.6869281045751634,0.3299648304007462,0.5665399239543726,0.9738562091503268,0.6869281045751634,0.3523649275302887,500.0
AD,Test,0.7813411078717201,0.5341614906832298,0.8375143760782058,0.5148479644617405,0.37719298245614036,0.9148936170212766,0.8375143760782058,0.021337738260626793,500.0
PD,Test,0.07871720116618076,0.1366120218579235,0.4839238049017229,0.464327764072662,0.07352941176470588,0.9615384615384616,0.4839238049017229,0.015833459794521332,500.0
LMCI,Test,0.7317784256559767,0.710691823899371,0.7567694080368716,0.3777516161614839,0.6042780748663101,0.8625954198473282,0.7567694080368716,0.6299028396606445,500.0
EMCI,Test,0.7346938775510204,0.7533875338753387,0.7394229459054368,0.32111391594965516,0.6780487804878049,0.8475609756097561,0.5006363949088407,0.2531203627586365,500.0
MCI,Test,0.7434402332361516,0.7555555555555555,0.7470363809783349,0.3242551375951077,0.6938775510204082,0.8292682926829268,0.7470363809783349,0.10848552733659744,500.0
FTD,Test,0.8192419825072886,0.3541666666666667,0.8336687306501548,0.4829062452048488,0.2236842105263158,0.85,0.8336687306501548,0.03935794159770012,500.0
CN_EX,,0.5539358600583091,0.012903225806451613,0.5006363949088407,0.0287781779378418,0.5,0.006535947712418301,,,
