,data,accuracy,f1_score,AUC_ROC,AUC_PR,precision_score,recall_score,Balanced_acc,Gender
CN,Test,0.7590361445783133,0.7590361445783133,0.7594771241830066,0.31369399165288603,0.7777777777777778,0.7411764705882353,0.7594771241830065,['F']
AD,Test,0.8734939759036144,0.676923076923077,0.9270833333333333,0.6232838330064444,0.5116279069767442,1.0,0.9270833333333333,['F']
PD,Test,0.9457831325301205,0.0,0.5,0.47289156626506024,0.0,0.0,0.5,['F']
LMCI,Test,0.8855421686746988,0.8376068376068376,0.8793658458071785,0.5188807863031072,0.8166666666666667,0.8596491228070176,0.8793658458071785,['F']
EMCI,Test,0.8493975903614458,0.8299319727891157,0.8491430260047282,0.4296753681392236,0.8133333333333334,0.8472222222222222,0.7835875090777051,['F']
MCI,Test,0.8674698795180723,0.8513513513513513,0.8683510638297872,0.4453471781864299,0.8289473684210527,0.875,0.8683510638297872,['F']
FTD,Test,0.9578313253012049,0.5333333333333333,0.7158527954706299,0.5163989290495314,0.6666666666666666,0.4444444444444444,0.7158527954706299,['F']
CN_EX,,0.7831325301204819,0.7831325301204819,0.7835875090777051,0.3317802801620424,0.8024691358024691,0.7647058823529411,,
