,data,accuracy,f1_score,AUC_ROC,AUC_PR,precision_score,recall_score,Balanced_acc,treshold,EarlyStopping
CN,Validation,0.6443148688046647,0.44036697247706424,0.6135161135161136,0.23638351444473893,0.75,0.3116883116883117,0.6135161135161136,0.7254042625427246,500.0
AD,Validation,0.7871720116618076,0.535031847133758,0.8403601229688187,0.5174310449376998,0.3783783783783784,0.9130434782608695,0.8403601229688186,0.03702927753329277,500.0
PD,Validation,0.8688046647230321,0.47058823529411764,0.8231011890317884,0.4870515164531076,0.3389830508474576,0.7692307692307693,0.8231011890317884,0.04457398131489754,500.0
LMCI,Validation,0.8396501457725948,0.7843137254901961,0.825929938605995,0.44933841668535546,0.8,0.7692307692307693,0.825929938605995,0.5645950436592102,500.0
EMCI,Validation,0.7696793002915452,0.7749287749287749,0.772733469665985,0.34301998346096607,0.723404255319149,0.8343558282208589,0.48071895424836597,0.4935586154460907,500.0
MCI,Validation,0.7755102040816326,0.7755102040816326,0.7774199045671438,0.3459330241006715,0.7388888888888889,0.8159509202453987,0.7774199045671438,0.3501408100128174,500.0
FTD,Validation,0.8396501457725948,0.38202247191011235,0.8445046439628483,0.4942525457387924,0.2463768115942029,0.85,0.8445046439628483,0.0310484878718853,500.0
CN_EX,,0.5043731778425656,0.32,0.48071895424836597,,0.41237113402061853,0.26143790849673204,,,
