,data,accuracy,f1_score,AUC_ROC,AUC_PR,precision_score,recall_score,Balanced_acc,treshold,EarlyStopping
CN,Test,0.673469387755102,0.4563106796116505,0.6378052975576196,0.30544580815255123,0.8867924528301887,0.30718954248366015,0.6378052975576196,0.7254042625427246,500.0
AD,Test,0.7376093294460642,0.48863636363636365,0.812176538240368,0.49291813990033706,0.3333333333333333,0.9148936170212766,0.8121765382403681,0.03702927753329277,500.0
PD,Test,0.8717201166180758,0.4634146341463415,0.8070249939335113,0.46942980488898856,0.3392857142857143,0.7307692307692307,0.8070249939335112,0.04457398131489754,500.0
LMCI,Test,0.8279883381924198,0.7756653992395437,0.8185582601181046,0.4360264676902782,0.7727272727272727,0.7786259541984732,0.8185582601181045,0.5645950436592102,500.0
EMCI,Test,0.7288629737609329,0.7493261455525606,0.7338363537266657,0.3178383179762841,0.6714975845410628,0.8475609756097561,0.6565187478500172,0.4935586154460907,500.0
MCI,Test,0.749271137026239,0.7570621468926554,0.752112004360267,0.32676583195170605,0.7052631578947368,0.8170731707317073,0.752112004360267,0.3501408100128174,500.0
FTD,Test,0.8600583090379009,0.42857142857142855,0.8787925696594427,0.5352314139941691,0.28125,0.9,0.8787925696594427,0.0310484878718853,500.0
CN_EX,,0.6822157434402333,0.540084388185654,0.6565187478500173,0.27377617713752167,0.7619047619047619,0.41830065359477125,,,
