,data,accuracy,f1_score,AUC_ROC,AUC_PR,precision_score,recall_score,Balanced_acc,treshold,EarlyStopping
CN,Validation,0.7288629737609329,0.7506702412868632,0.7455507455507456,0.345608729170373,0.639269406392694,0.9090909090909091,0.7455507455507455,0.6329970359802246,500.0
AD,Validation,0.880466472303207,0.6611570247933884,0.8758600497730932,0.5760848438754383,0.5333333333333333,0.8695652173913043,0.8758600497730933,0.2918744385242462,500.0
PD,Validation,0.8542274052478134,0.4444444444444444,0.8152147537005581,0.47380999102937876,0.3125,0.7692307692307693,0.8152147537005581,0.039184942841529846,500.0
LMCI,Validation,0.760932944606414,0.7284768211920529,0.7775370169736368,0.3929901375321404,0.6395348837209303,0.8461538461538461,0.7775370169736366,0.3106430470943451,500.0
EMCI,Validation,0.7784256559766763,0.7724550898203593,0.7790388548057259,0.34724252725214816,0.7543859649122807,0.7914110429447853,0.537891296869625,0.5243224501609802,500.0
MCI,Validation,0.7755102040816326,0.7741935483870968,0.7771301976823449,0.3456653377951049,0.7415730337078652,0.8098159509202454,0.7771301976823449,0.34651434421539307,500.0
FTD,Validation,0.7755102040816326,0.3185840707964602,0.8339009287925696,0.4913806075425562,0.1935483870967742,0.9,0.8339009287925696,0.021863598376512527,500.0
CN_EX,,0.565597667638484,0.3659574468085106,0.537891296869625,0.11700371205392726,0.524390243902439,0.28104575163398693,,,
