,data,accuracy,f1_score,AUC_ROC,AUC_PR,precision_score,recall_score,Balanced_acc,Gender
CN,Test,0.7650602409638554,0.7664670658682635,0.7653594771241831,0.3179193099514269,0.7804878048780488,0.7529411764705882,0.765359477124183,['F']
AD,Test,0.8674698795180723,0.6451612903225806,0.8851010101010102,0.578039430449069,0.5,0.9090909090909091,0.8851010101010102,['F']
PD,Test,0.9457831325301205,0.0,0.5,0.47289156626506024,0.0,0.0,0.5,['F']
LMCI,Test,0.8674698795180723,0.8,0.844680508610977,0.49684238443346374,0.8301886792452831,0.7719298245614035,0.844680508610977,['F']
EMCI,Test,0.8433734939759037,0.8169014084507042,0.8389479905437354,0.4254972270032511,0.8285714285714286,0.8055555555555556,0.7774146695715323,['F']
MCI,Test,0.8313253012048193,0.8108108108108109,0.8315602836879433,0.4138131473261467,0.7894736842105263,0.8333333333333334,0.8315602836879432,['F']
FTD,Test,0.9518072289156626,0.5,0.7126680820948337,0.4687798814304838,0.5714285714285714,0.4444444444444444,0.7126680820948337,['F']
CN_EX,,0.7771084337349398,0.7784431137724551,0.7774146695715323,0.32688717567544207,0.7926829268292683,0.7647058823529411,,
